"DATE","AdjustedClosing","MA2","MA3","MA5","MA7","MA10"
20120224,16.51,NA,NA,NA,NA,NA
20120227,16.84,16.675,NA,NA,NA,NA
20120228,16.75,16.795,16.7,NA,NA,NA
20120229,16.6,16.675,16.73,NA,NA,NA
20120301,16.870001,16.7350005,16.7400003333333,16.7140002,NA,NA
20120302,16.719999,16.795,16.73,16.756,NA,NA
20120305,15.84,16.2799995,16.4766666666667,16.556,16.59,NA
20120306,15.49,15.665,16.0166663333333,16.304,16.4442857142857,NA
20120307,15.37,15.43,15.5666666666667,16.058,16.2342857142857,NA
20120308,15.43,15.4,15.43,15.7699998,16.0457142857143,16.242
20120309,15.71,15.57,15.5033333333333,15.568,15.9185714285714,16.162
20120312,16.57,16.14,15.9033333333333,15.714,15.8757141428571,16.135
20120313,17.98,17.275,16.7533333333333,16.212,16.0557142857143,16.258
20120314,18.139999,18.0599995,17.563333,16.7659998,16.3842855714286,16.4119999
20120315,18.5,18.3199995,18.2066663333333,17.3799998,16.8142855714286,16.5749998
20120316,18.440001,18.4700005,18.36,17.926,17.2528571428571,16.747
20120319,18.4,18.4200005,18.446667,18.292,17.6771428571429,17.003
20120320,18,18.2,18.2800003333333,18.296,18.0042857142857,17.254
20120321,18.23,18.115,18.21,18.3140002,18.2414285714286,17.54
20120322,18.110001,18.1700005,18.1133336666667,18.2360004,18.2600001428571,17.8080001
20120323,18.09,18.1000005,18.1433336666667,18.1660002,18.2528574285714,18.0460001
20120326,18.6,18.345,18.266667,18.2060002,18.2671431428571,18.2490001
20120327,19.73,19.165,18.8066666666667,18.5520002,18.4514287142857,18.4240001
20120328,19.77,19.75,19.3666666666667,18.8600002,18.647143,18.5870002
20120329,19.59,19.68,19.6966666666667,19.156,18.8742858571429,18.6960002
20120330,19.870001,19.7300005,19.7433336666667,19.5120002,19.1085717142857,18.8390002
20120402,19.4,19.6350005,19.6200003333333,19.6720002,19.2928572857143,18.9390002
20120403,19.27,19.335,19.5133336666667,19.5800002,19.4614287142857,19.0660002
20120404,18.67,18.97,19.1133333333333,19.3600002,19.4714287142857,19.1100002
20120405,18.1,18.385,18.68,19.0620002,19.2385715714286,19.1090001
20120409,18.08,18.09,18.2833333333333,18.704,18.997143,19.1080001
20120410,17.639999,17.8599995,17.9399996666667,18.3519998,18.7185714285714,19.012
20120411,18.25,17.9449995,17.9899996666667,18.1479998,18.4871427142857,18.864
20120412,19.040001,18.6450005,18.31,18.222,18.4357142857143,18.7910001
20120413,18.959999,19,18.75,18.3939998,18.3914284285714,18.728
20120416,19.15,19.0549995,19.05,18.6079998,18.4599998571429,18.6559999
20120417,20.299999,19.7249995,19.4699993333333,19.1399998,18.7742854285714,18.7459998
20120418,20.139999,20.219999,19.8633326666667,19.5179996,19.068571,18.8329997
20120419,19.84,19.9899995,20.0933326666667,19.6779994,19.3828568571429,18.9499997
20120420,20.02,19.93,19.9999996666667,19.8899996,19.635714,19.1419997
20120423,19.75,19.885,19.87,20.0099996,19.7371424285714,19.3089997
20120424,19.67,19.71,19.8133333333333,19.8839998,19.8385711428571,19.5119998
20120425,19.610001,19.6400005,19.676667,19.7780002,19.9042855714286,19.6479999
20120426,19.68,19.6450005,19.6533336666667,19.7460002,19.8157142857143,19.7119998
20120427,20,19.84,19.7633336666667,19.7420002,19.7957144285714,19.8159999
20120430,19.809999,19.9049995,19.8299996666667,19.754,19.7914285714286,19.8819998
20120501,19.18,19.4949995,19.663333,19.656,19.6714285714286,19.7699999
20120502,19.219999,19.1999995,19.4033326666667,19.5779996,19.5957141428571,19.6779999
20120503,18.52,18.8699995,18.973333,19.3459996,19.4314284285714,19.5459999
20120504,18.93,18.725,18.8899996666667,19.1319996,19.3342854285714,19.4369999
20120507,18.639999,18.7849995,18.6966663333333,18.8979996,19.1857138571429,19.3259998
20120508,17.709999,18.174999,18.426666,18.6039994,18.8585708571429,19.1299997
20120509,17.290001,17.5,17.8799996666667,18.2179998,18.4985711428571,18.8979997
20120510,17.65,17.4700005,17.55,18.0439998,18.2799997142857,18.6949997
20120511,16.85,17.25,17.2633336666667,17.6279998,17.9414284285714,18.3799997
20120514,16.389999,16.6199995,16.963333,17.1779998,17.6371425714286,18.0379997
20120515,16.16,16.2749995,16.4666663333333,16.868,17.2414282857143,17.7359997
20120516,15.99,16.075,16.1799996666667,16.6079998,16.862857,17.4129998
20120517,16.030001,16.0100005,16.0600003333333,16.284,16.6228572857143,17.1639999
20120518,15.1,15.5650005,15.706667,15.934,16.31,16.7809999
20120521,15.16,15.13,15.4300003333333,15.6880002,15.9542857142857,16.433
20120522,15.29,15.225,15.1833333333333,15.5140002,15.7314285714286,16.1910001
20120523,15.12,15.205,15.19,15.3400002,15.5500001428571,15.974
20120524,15.12,15.12,15.1766666666667,15.158,15.4014287142857,15.721
20120525,16.190001,15.6550005,15.476667,15.3760002,15.4300002857143,15.6550001
20120529,16.51,16.3500005,15.9400003333333,15.6460002,15.4985715714286,15.6670002
20120530,16.6,16.555,16.4333336666667,15.9080002,15.7128572857143,15.7110002
20120531,17.290001,16.9450005,16.8000003333333,16.3420004,16.0171431428571,15.8410003
20120601,16.719999,17.005,16.87,16.6620002,16.2214287142857,15.9100001
20120604,16.5,16.6099995,16.8366666666667,16.724,16.4185715714286,16.0500001
20120605,16.07,16.285,16.4299996666667,16.636,16.5542858571429,16.1410001
20120606,16.360001,16.2150005,16.3100003333333,16.5880002,16.5785715714286,16.2480002
20120607,16.209999,16.285,16.2133333333333,16.3719998,16.5357142857143,16.3570001
20120608,16.440001,16.325,16.336667,16.3160002,16.5128572857143,16.4890002
20120611,16.549999,16.495,16.3999996666667,16.326,16.4071427142857,16.525
20120612,17.200001,16.875,16.7300003333333,16.5520002,16.4757144285714,16.5940001
20120613,17.01,17.1050005,16.92,16.682,16.5485715714286,16.6350001
20120614,17.209999,17.1099995,17.14,16.882,16.7114285714286,16.6269999
20120615,18.85,18.0299995,17.6899996666667,17.3639998,17.0671427142857,16.84
20120618,19.25,19.05,18.4366663333333,17.904,17.5014285714286,17.115
20120619,19.709999,19.4799995,19.2699996666667,18.4059996,17.9685711428571,17.4789999
20120620,19.799999,19.754999,19.586666,18.9639994,18.4328568571429,17.8229997
20120621,19.43,19.6149995,19.646666,19.4079996,18.7514281428571,18.1449998
20120622,19.17,19.3,19.4666663333333,19.4719996,19.0599995714286,18.4179997
20120625,18.41,18.79,19.0033333333333,19.3039996,19.2314282857143,18.6039998
20120626,18.5,18.455,18.6933333333333,19.0619998,19.1814282857143,18.7339997
20120627,18.620001,18.5600005,18.5100003333333,18.8260002,19.0914284285714,18.8949998
20120628,17.780001,18.200001,18.3000006666667,18.4960004,18.8157144285714,18.952
20120629,18.200001,17.990001,18.200001,18.3020006,18.5871432857143,18.8870001
20120702,18.549999,18.375,18.176667,18.3300004,18.4614288571429,18.817
20120703,18.42,18.4849995,18.39,18.3140004,18.354286,18.6880001
20120705,18.639999,18.5299995,18.536666,18.318,18.387143,18.5720001
20120706,17.969999,18.304999,18.3433326666667,18.3559996,18.3114285714286,18.426
20120709,17.530001,17.75,18.0466663333333,18.2219996,18.1557142857143,18.2620001
20120710,16.91,17.2200005,17.47,17.8939998,18.0314284285714,18.1120001
20120711,16.559999,16.7349995,17,17.5219996,17.7971424285714,17.918
20120712,16.290001,16.425,16.5866666666667,17.052,17.4742855714286,17.685
20120713,16.200001,16.245001,16.3500003333333,16.6980004,17.1571428571429,17.527
20120716,15.89,16.0450005,16.1266673333333,16.3700002,16.7642858571429,17.2959999
20120717,15.55,15.72,15.8800003333333,16.0980002,16.4185717142857,16.996
20120718,16.25,15.9,15.8966666666667,16.0360004,16.2357144285714,16.779
20120719,17.040001,16.6450005,16.2800003333333,16.1860004,16.254286,16.6190002
20120720,16.309999,16.675,16.5333333333333,16.208,16.2185717142857,16.4530002
20120723,16.219999,16.264999,16.523333,16.2739998,16.2085714285714,16.322
20120724,16.33,16.2749995,16.286666,16.4299998,16.2271427142857,16.264
20120725,15.89,16.11,16.1466663333333,16.3579998,16.2271427142857,16.1970001
20120726,15.88,15.885,16.0333333333333,16.1259996,16.2742855714286,16.156
20120727,16,15.94,15.9233333333333,16.0639998,16.2385712857143,16.1359999
20120730,15.74,15.87,15.8733333333333,15.968,16.0528568571429,16.1209999
20120731,15.5,15.62,15.7466666666667,15.802,15.9371427142857,16.1159999
20120801,14.9,15.2,15.38,15.604,15.7485714285714,15.9809999
20120802,14.27,14.585,14.89,15.282,15.4542857142857,15.7039998
20120803,15.07,14.67,14.7466666666667,15.096,15.3371428571429,15.5799999
20120806,15.98,15.525,15.1066666666667,15.144,15.3514285714286,15.556
20120807,16.01,15.995,15.6866666666667,15.246,15.3528571428571,15.524
20120808,16.219999,16.1149995,16.0699996666667,15.5099998,15.4214284285714,15.5569999
20120809,16.51,16.3649995,16.2466663333333,15.9579998,15.5657141428571,15.6199999
20120810,16.43,16.47,16.3866663333333,16.2299998,15.7842855714286,15.6629999
20120813,16.17,16.3,16.37,16.2679998,16.0557141428571,15.7059999
20120814,15.05,15.61,15.8833333333333,16.0759998,16.052857,15.6609999
20120815,15.04,15.045,15.42,15.84,15.9185712857143,15.6749999
20120816,14.97,15.005,15.02,15.532,15.7699998571429,15.7449999
20120817,14.26,14.615,14.7566666666667,15.098,15.49,15.6639999
20120820,13.84,14.05,14.3566666666667,14.632,15.1085714285714,15.4499999
20120821,13.73,13.785,13.9433333333333,14.368,14.7228571428571,15.2219999
20120822,13.59,13.66,13.72,14.078,14.3542857142857,14.959
20120823,13.95,13.77,13.7566666666667,13.874,14.1971428571429,14.703
20120824,14.85,14.4,14.13,13.992,14.17,14.545
20120827,14.44,14.645,14.4133333333333,14.112,14.0942857142857,14.372
20120828,14.44,14.44,14.5766666666667,14.254,14.12,14.311
20120829,14.27,14.355,14.3833333333333,14.39,14.1814285714286,14.234
20120830,14.35,14.31,14.3533333333333,14.47,14.27,14.172
20120831,14.84,14.595,14.4866666666667,14.468,14.4485714285714,14.23
20120904,14.94,14.89,14.71,14.568,14.59,14.34
20120905,14.63,14.785,14.8033333333333,14.606,14.5585714285714,14.43
20120906,15.11,14.87,14.8933333333333,14.774,14.6542857142857,14.582
20120907,15.3,15.205,15.0133333333333,14.964,14.7771428571429,14.717
20120910,15.13,15.215,15.18,15.022,14.9,14.745
20120911,14.45,14.79,14.96,14.924,14.9142857142857,14.746
20120912,14.28,14.365,14.62,14.854,14.8342857142857,14.73
20120913,14.59,14.435,14.44,14.75,14.7842857142857,14.762
20120914,14.45,14.52,14.44,14.58,14.7585714285714,14.772
20120917,14.4,14.425,14.48,14.434,14.6571428571429,14.728
20120918,14.73,14.565,14.5266666666667,14.49,14.5757142857143,14.707
20120919,14.63,14.68,14.5866666666667,14.56,14.5042857142857,14.707
20120920,14.5,14.565,14.62,14.542,14.5114285714286,14.646
20120921,14.72,14.61,14.6166666666667,14.596,14.5742857142857,14.588
20120924,14.96,14.84,14.7266666666667,14.708,14.6271428571429,14.571
20120925,15.2,15.08,14.96,14.802,14.7342857142857,14.646
20120926,14.93,15.065,15.03,14.862,14.81,14.711
20120927,15.1,15.015,15.0766666666667,14.982,14.8628571428571,14.762
20120928,15.15,15.125,15.06,15.068,14.9371428571429,14.832
20121001,15.56,15.355,15.27,15.188,15.0885714285714,14.948
20121002,15.72,15.64,15.4766666666667,15.292,15.2314285714286,15.047
20121003,15.63,15.675,15.6366666666667,15.432,15.3271428571429,15.147
20121004,15.86,15.745,15.7366666666667,15.584,15.4214285714286,15.283
20121005,15.75,15.805,15.7466666666667,15.704,15.5385714285714,15.386
20121008,15.78,15.765,15.7966666666667,15.748,15.6357142857143,15.468
20121009,15.53,15.655,15.6866666666667,15.71,15.69,15.501
20121010,15.47,15.5,15.5933333333333,15.678,15.6771428571429,15.555
20121011,15.49,15.48,15.4966666666667,15.604,15.6442857142857,15.594
20121012,14.98,15.235,15.3133333333333,15.45,15.5514285714286,15.577
20121015,14.89,14.935,15.12,15.272,15.4128571428571,15.51
20121016,14.75,14.82,14.8733333333333,15.116,15.27,15.413
20121017,14.46,14.605,14.7,14.914,15.0814285714286,15.296
20121018,14.52,14.49,14.5766666666667,14.72,14.9371428571429,15.162
20121019,13.96,14.24,14.3133333333333,14.516,14.7214285714286,14.983
20121022,13.77,13.865,14.0833333333333,14.292,14.4757142857143,14.782
20121023,13.65,13.71,13.7933333333333,14.072,14.2857142857143,14.594
20121024,13.16,13.405,13.5266666666667,13.812,14.0385714285714,14.363
20121025,12.93,13.045,13.2466666666667,13.494,13.7785714285714,14.107
20121026,12.77,12.85,12.9533333333333,13.256,13.5371428571429,13.886
20121031,12.76,12.765,12.82,13.054,13.2857142857143,13.673
20121101,12.87,12.815,12.8,12.898,13.13,13.485
20121102,12.6,12.735,12.7433333333333,12.786,12.9628571428571,13.299
20121105,12.54,12.57,12.67,12.708,12.8042857142857,13.101
20121106,10.87,11.705,12.0033333333333,12.328,12.4771428571429,12.792
20121107,10.15,10.51,11.1866666666667,11.806,12.08,12.43
20121108,10.08,10.115,10.3666666666667,11.248,11.6957142857143,12.073
20121109,10.1,10.09,10.11,10.748,11.3157142857143,11.767
20121112,10.21,10.155,10.13,10.282,10.9357142857143,11.495
20121113,10.18,10.195,10.1633333333333,10.144,10.59,11.236
20121114,10.32,10.25,10.2366666666667,10.178,10.2728571428571,10.992
20121115,10.64,10.48,10.38,10.29,10.24,10.769
20121116,10.7,10.67,10.5533333333333,10.41,10.3185714285714,10.579
20121119,10.84,10.77,10.7266666666667,10.536,10.4271428571429,10.409
20121120,10.68,10.76,10.74,10.636,10.51,10.39
20121121,10.56,10.62,10.6933333333333,10.684,10.56,10.431
20121123,10.44,10.5,10.56,10.644,10.5971428571429,10.467
20121126,10.44,10.44,10.48,10.592,10.6142857142857,10.501
20121127,9.46,9.95,10.1133333333333,10.316,10.4457142857143,10.426
20121128,9.97,9.715,9.95666666666667,10.174,10.3414285714286,10.405
20121129,9.85,9.91,9.76,10.032,10.2,10.358
20121130,9.78,9.815,9.86666666666667,9.9,10.0714285714286,10.272
20121203,9.66,9.72,9.76333333333333,9.744,9.94285714285714,10.168
20121204,9.46,9.56,9.63333333333333,9.744,9.80285714285714,10.03
20121205,9.23,9.345,9.45,9.596,9.63,9.885
20121206,8.86,9.045,9.18333333333333,9.398,9.54428571428571,9.715
20121207,9.03,8.945,9.04,9.248,9.41,9.574
20121210,8.8,8.915,8.89666666666667,9.076,9.26,9.41
20121211,9.23,9.015,9.02,9.03,9.18142857142857,9.387
20121212,9.1,9.165,9.04333333333333,9.004,9.10142857142857,9.3
20121213,9.08,9.09,9.13666666666667,9.048,9.04714285714286,9.223
20121214,9.52,9.3,9.23333333333333,9.146,9.08857142857143,9.197
20121217,9.33,9.425,9.31,9.252,9.15571428571428,9.164
20121218,9.39,9.36,9.41333333333333,9.284,9.20714285714286,9.157
20121219,9.3,9.345,9.34,9.324,9.27857142857143,9.164
20121220,9.39,9.345,9.36,9.386,9.30142857142857,9.217
20121221,9.45,9.42,9.38,9.372,9.35142857142857,9.259
20121224,9.27,9.36,9.37,9.36,9.37857142857143,9.306
20121226,9.19,9.23,9.30333333333333,9.32,9.33142857142857,9.302
20121227,9.08,9.135,9.18,9.276,9.29571428571428,9.3
20121228,9.06,9.07,9.11,9.21,9.24857142857143,9.298
20121231,9.35,9.205,9.16333333333333,9.19,9.25571428571429,9.281
20130102,9.83,9.59,9.41333333333333,9.302,9.31857142857143,9.331
20130103,8.99,9.41,9.39,9.262,9.25285714285714,9.291
20130104,8.9,8.945,9.24,9.226,9.2,9.251
20130107,8.99,8.945,8.96,9.212,9.17142857142857,9.211
20130108,8.86,8.925,8.91666666666667,9.114,9.14,9.152
20130109,8.9,8.88,8.91666666666667,8.928,9.11714285714286,9.115
20130110,7.49,8.195,8.41666666666667,8.628,8.85142857142857,8.945
20130111,6.65,7.07,7.68,8.178,8.39714285714286,8.702
20130114,6.61,6.63,6.91666666666667,7.702,8.05714285714286,8.457
20130115,6.82,6.715,6.69333333333333,7.294,7.76,8.204
20130116,6.78,6.8,6.73666666666667,6.87,7.44428571428571,7.899
20130117,7.19,6.985,6.93,6.81,7.20571428571429,7.719
20130118,7.22,7.205,7.06333333333333,6.924,6.96571428571429,7.551
20130122,7.4,7.31,7.27,7.082,6.95285714285714,7.392
20130123,7.34,7.37,7.32,7.186,7.05142857142857,7.24
20130124,7.46,7.4,7.4,7.322,7.17285714285714,7.096
20130125,7.77,7.615,7.52333333333333,7.438,7.30857142857143,7.124
20130128,7.93,7.85,7.72,7.58,7.47285714285714,7.252
20130129,7.76,7.845,7.82,7.652,7.55428571428571,7.367
20130130,7.55,7.655,7.74666666666667,7.694,7.60142857142857,7.44
20130131,7.73,7.64,7.68,7.748,7.64857142857143,7.535
20130201,7.84,7.785,7.70666666666667,7.762,7.72,7.6
20130204,7.42,7.63,7.66333333333333,7.66,7.71428571428571,7.62
20130205,7.45,7.435,7.57,7.598,7.66857142857143,7.625
20130206,7.5,7.475,7.45666666666667,7.588,7.60714285714286,7.641
20130207,7.36,7.43,7.43666666666667,7.514,7.55,7.631
20130208,7.42,7.39,7.42666666666667,7.43,7.53142857142857,7.596
20130211,7.39,7.405,7.39,7.424,7.48285714285714,7.542
20130212,7.32,7.355,7.37666666666667,7.398,7.40857142857143,7.498
20130213,7.33,7.325,7.34666666666667,7.364,7.39571428571429,7.476
20130214,7.45,7.39,7.36666666666667,7.382,7.39571428571429,7.448
20130215,7.49,7.47,7.42333333333333,7.396,7.39428571428571,7.413
20130219,7.49,7.49,7.47666666666667,7.416,7.41285714285714,7.42
20130220,7.32,7.405,7.43333333333333,7.416,7.39857142857143,7.407
20130221,6.74,7.03,7.18333333333333,7.298,7.30571428571429,7.331
20130222,6.66,6.7,6.90666666666667,7.14,7.21142857142857,7.261
20130225,6.57,6.615,6.65666666666667,6.956,7.10285714285714,7.176
20130226,6.55,6.56,6.59333333333333,6.768,6.97428571428571,7.092
20130227,6.54,6.545,6.55333333333333,6.612,6.83857142857143,7.014
20130228,7,6.77,6.69666666666667,6.664,6.76857142857143,6.981
20130301,7.12,7.06,6.88666666666667,6.756,6.74,6.948
20130304,6.8,6.96,6.97333333333333,6.802,6.74857142857143,6.879
20130305,6.7,6.75,6.87333333333333,6.832,6.75428571428571,6.8
20130306,6.85,6.775,6.78333333333333,6.894,6.79428571428571,6.753
20130307,6.89,6.87,6.81333333333333,6.872,6.84285714285714,6.768
20130308,6.75,6.82,6.83,6.798,6.87285714285714,6.777
20130311,7.01,6.88,6.88333333333333,6.84,6.87428571428571,6.821
20130312,6.94,6.975,6.9,6.888,6.84857142857143,6.86
20130313,6.86,6.9,6.93666666666667,6.89,6.85714285714286,6.892
20130314,7.5,7.18,7.1,7.012,6.97142857142857,6.942
20130315,7.96,7.73,7.44,7.254,7.13,7.026
20130318,7.68,7.82,7.71333333333333,7.388,7.24285714285714,7.114
20130319,7.91,7.795,7.85,7.582,7.40857142857143,7.235
20130320,8.07,7.99,7.88666666666667,7.824,7.56,7.357
20130321,7.77,7.92,7.91666666666667,7.878,7.67857142857143,7.445
20130322,7.48,7.625,7.77333333333333,7.782,7.76714285714286,7.518
20130325,7.37,7.425,7.54,7.72,7.74857142857143,7.554
20130326,7.22,7.295,7.35666666666667,7.582,7.64285714285714,7.582
20130327,7.08,7.15,7.22333333333333,7.384,7.55714285714286,7.604
20130328,7.32,7.2,7.20666666666667,7.294,7.47285714285714,7.586
20130401,7.2,7.26,7.2,7.238,7.34857142857143,7.51
20130402,7.21,7.205,7.24333333333333,7.206,7.26857142857143,7.463
20130403,7.11,7.16,7.17333333333333,7.184,7.21571428571429,7.383
20130404,7.28,7.195,7.2,7.224,7.20285714285714,7.304
20130405,7.18,7.23,7.19,7.196,7.19714285714286,7.245
20130408,7.11,7.145,7.19,7.178,7.20142857142857,7.208
20130409,6.94,7.025,7.07666666666667,7.124,7.14714285714286,7.165
20130410,6.9,6.92,6.98333333333333,7.082,7.10428571428571,7.133
20130411,6.81,6.855,6.88333333333333,6.988,7.04714285714286,7.106
20130412,6.94,6.875,6.88333333333333,6.94,7.02285714285714,7.068
20130415,6.86,6.9,6.87,6.89,6.96285714285714,7.034
20130416,6.98,6.92,6.92666666666667,6.898,6.93428571428571,7.011
20130417,6.81,6.895,6.88333333333333,6.88,6.89142857142857,6.981
20130418,6.69,6.75,6.82666666666667,6.856,6.85571428571428,6.922
20130419,6.69,6.69,6.73,6.806,6.82571428571429,6.873
20130422,6.55,6.62,6.64333333333333,6.744,6.78857142857143,6.817
20130423,6.8,6.675,6.68,6.708,6.76857142857143,6.803
20130424,6.99,6.895,6.78,6.744,6.78714285714286,6.812
20130425,6.93,6.96,6.90666666666667,6.792,6.78,6.824
20130426,7.14,7.035,7.02,6.882,6.82714285714286,6.844
20130429,6.95,7.045,7.00666666666667,6.962,6.86428571428571,6.853
20130430,7.25,7.1,7.11333333333333,7.052,6.94428571428571,6.88
20130501,7.15,7.2,7.11666666666667,7.084,7.03,6.914
20130502,7.25,7.2,7.21666666666667,7.148,7.09428571428571,6.97
20130503,7.31,7.28,7.23666666666667,7.182,7.14,7.032
20130506,7.49,7.4,7.35,7.29,7.22,7.126
20130507,7.36,7.425,7.38666666666667,7.312,7.25142857142857,7.182
20130508,7.48,7.42,7.44333333333333,7.378,7.32714285714286,7.231
20130509,7.52,7.5,7.45333333333333,7.432,7.36571428571429,7.29
20130510,7.6,7.56,7.53333333333333,7.49,7.43,7.336
20130513,7.43,7.515,7.51666666666667,7.478,7.45571428571429,7.384
20130514,7.45,7.44,7.49333333333333,7.496,7.47571428571429,7.404
20130515,7.52,7.485,7.46666666666667,7.504,7.48,7.441
20130516,7.66,7.59,7.54333333333333,7.532,7.52285714285714,7.482
20130517,7.77,7.715,7.65,7.566,7.56428571428571,7.528
20130520,7.48,7.625,7.63666666666667,7.576,7.55857142857143,7.527
20130521,7.5,7.49,7.58333333333333,7.586,7.54428571428571,7.541
20130522,7.05,7.275,7.34333333333333,7.492,7.49,7.498
20130523,7.08,7.065,7.21,7.376,7.43714285714286,7.454
20130524,7.2,7.14,7.11,7.262,7.39142857142857,7.414
20130528,7.22,7.21,7.16666666666667,7.21,7.32857142857143,7.393
20130529,7.39,7.305,7.27,7.188,7.27428571428571,7.387
20130530,7.49,7.44,7.36666666666667,7.276,7.27571428571428,7.384
20130531,7.49,7.49,7.45666666666667,7.358,7.27428571428571,7.367
20130603,7.74,7.615,7.57333333333333,7.466,7.37285714285714,7.364
20130604,7.93,7.835,7.72,7.608,7.49428571428571,7.409
20130605,8.02,7.975,7.89666666666667,7.734,7.61142857142857,7.461
20130606,9.22,8.62,8.39,8.08,7.89714285714286,7.678
20130607,9.51,9.365,8.91666666666667,8.484,8.2,7.921
20130610,9.65,9.58,9.46,8.866,8.50857142857143,8.166
20130611,9.61,9.63,9.59,9.202,8.81142857142857,8.405
20130612,9.34,9.475,9.53333333333333,9.466,9.04,8.6
20130613,9.3,9.32,9.41666666666667,9.482,9.23571428571429,8.781
20130614,9.28,9.29,9.30666666666667,9.436,9.41571428571429,8.96
20130617,9.47,9.375,9.35,9.4,9.45142857142857,9.133
20130618,9.5,9.485,9.41666666666667,9.378,9.45,9.29
20130619,9.47,9.485,9.48,9.404,9.42428571428571,9.435
20130620,9.02,9.245,9.33,9.348,9.34,9.415
20130621,9.05,9.035,9.18,9.302,9.29857142857143,9.369
20130624,9.01,9.03,9.02666666666667,9.21,9.25714285714286,9.305
20130625,9.1,9.055,9.05333333333333,9.13,9.23142857142857,9.254
20130626,9.09,9.095,9.06666666666667,9.054,9.17714285714286,9.229
20130627,9.39,9.24,9.19333333333333,9.128,9.16142857142857,9.238
20130628,9.43,9.41,9.30333333333333,9.204,9.15571428571429,9.253
20130701,9.25,9.34,9.35666666666667,9.252,9.18857142857143,9.231
20130702,8.96,9.105,9.21333333333333,9.224,9.17571428571429,9.177
20130703,8.88,8.92,9.03,9.182,9.15714285714286,9.118
20130705,9.23,9.055,9.02333333333333,9.15,9.17571428571429,9.139
20130708,9.2,9.215,9.10333333333333,9.104,9.19142857142857,9.154
20130709,9.33,9.265,9.25333333333333,9.12,9.18285714285714,9.186
20130710,9.7,9.515,9.41,9.268,9.22142857142857,9.246
20130711,9.8,9.75,9.61,9.452,9.3,9.317
20130712,9.81,9.805,9.77,9.568,9.42142857142857,9.359
20130715,10.28,10.045,9.96333333333333,9.784,9.62142857142857,9.444
20130716,10.36,10.32,10.15,9.99,9.78285714285714,9.555
20130717,10.49,10.425,10.3766666666667,10.148,9.96714285714286,9.708
20130718,10.44,10.465,10.43,10.276,10.1257142857143,9.864
20130719,10.38,10.41,10.4366666666667,10.39,10.2228571428571,9.979
20130722,10.61,10.495,10.4766666666667,10.456,10.3385714285714,10.12
20130723,10.6,10.605,10.53,10.504,10.4514285714286,10.247
20130724,10.91,10.755,10.7066666666667,10.588,10.5414285714286,10.368
20130725,10.89,10.9,10.8,10.678,10.6171428571429,10.477
20130726,10.8,10.845,10.8666666666667,10.762,10.6614285714286,10.576
20130729,10.58,10.69,10.7566666666667,10.756,10.6814285714286,10.606
20130730,10.51,10.545,10.63,10.738,10.7,10.621
20130731,10.48,10.495,10.5233333333333,10.652,10.6814285714286,10.62
20130801,10.63,10.555,10.54,10.6,10.6857142857143,10.639
20130802,11.36,10.995,10.8233333333333,10.712,10.75,10.737
20130805,11.37,11.365,11.12,10.87,10.8185714285714,10.813
20130806,11.13,11.25,11.2866666666667,10.994,10.8657142857143,10.866
20130807,11.02,11.075,11.1733333333333,11.102,10.9285714285714,10.877
20130808,11.01,11.015,11.0533333333333,11.178,11,10.889
20130809,10.77,10.89,10.9333333333333,11.06,11.0414285714286,10.886
20130812,10.82,10.795,10.8666666666667,10.95,11.0685714285714,10.91
20130813,10.62,10.72,10.7366666666667,10.848,10.9628571428571,10.921
20130814,10.56,10.59,10.6666666666667,10.756,10.8471428571429,10.929
20130815,10.82,10.69,10.6666666666667,10.718,10.8028571428571,10.948
20130816,10.88,10.85,10.7533333333333,10.74,10.7828571428571,10.9
20130819,10.28,10.58,10.66,10.632,10.6785714285714,10.791
20130820,10.26,10.27,10.4733333333333,10.56,10.6057142857143,10.704
20130821,10.71,10.485,10.4166666666667,10.59,10.59,10.673
20130822,10.98,10.845,10.65,10.622,10.6414285714286,10.67
20130823,10.94,10.96,10.8766666666667,10.634,10.6957142857143,10.687
20130826,11.03,10.985,10.9833333333333,10.784,10.7257142857143,10.708
20130827,10.99,11.01,10.9866666666667,10.93,10.7414285714286,10.745
20130828,10.74,10.865,10.92,10.936,10.8071428571429,10.763
20130829,10.77,10.755,10.8333333333333,10.894,10.88,10.758
20130830,10.7,10.735,10.7366666666667,10.846,10.8785714285714,10.74
20130903,10.97,10.835,10.8133333333333,10.834,10.8771428571429,10.809
20130904,11.23,11.1,10.9666666666667,10.882,10.9185714285714,10.906
20130905,9.32,10.275,10.5066666666667,10.598,10.6742857142857,10.767
20130906,9.29,9.305,9.94666666666667,10.302,10.4314285714286,10.598
20130909,9.41,9.35,9.34,10.044,10.2414285714286,10.445
20130910,9.1,9.255,9.26666666666667,9.67,10.0028571428571,10.252
20130911,8.97,9.035,9.16,9.218,9.75571428571428,10.05
20130912,9.13,9.05,9.06666666666667,9.18,9.49285714285714,9.889
20130913,9.19,9.16,9.09666666666667,9.16,9.20142857142857,9.731
20130916,9.16,9.175,9.16,9.11,9.17857142857143,9.577
20130917,9.36,9.26,9.23666666666667,9.162,9.18857142857143,9.416
20130918,9.62,9.49,9.38,9.292,9.21857142857143,9.255
20130919,9.68,9.65,9.55333333333333,9.402,9.30142857142857,9.291
20130920,9.84,9.76,9.71333333333333,9.532,9.42571428571429,9.346
20130923,9.83,9.835,9.78333333333333,9.666,9.52571428571428,9.388
20130924,9.64,9.735,9.77,9.722,9.59,9.442
20130925,9.57,9.605,9.68,9.712,9.64857142857143,9.502
20130926,9.47,9.52,9.56,9.67,9.66428571428571,9.536
20130927,9.3,9.385,9.44666666666667,9.562,9.61857142857143,9.547
20130930,9.07,9.185,9.28,9.41,9.53142857142857,9.538
20131001,9.66,9.365,9.34333333333333,9.414,9.50571428571429,9.568
20131002,9.75,9.705,9.49333333333333,9.45,9.49428571428571,9.581
20131003,9.72,9.735,9.71,9.5,9.50571428571429,9.585
20131004,9.9,9.81,9.79,9.62,9.55285714285714,9.591
20131007,9.91,9.905,9.84333333333333,9.788,9.61571428571429,9.599
20131008,9.48,9.695,9.76333333333333,9.752,9.64142857142857,9.583
20131009,9.33,9.405,9.57333333333333,9.668,9.67857142857143,9.559
20131010,9.89,9.61,9.56666666666667,9.702,9.71142857142857,9.601
20131011,10.52,10.205,9.91333333333333,9.826,9.82142857142857,9.723
20131014,10.29,10.405,10.2333333333333,9.902,9.90285714285714,9.845
20131015,9.89,10.09,10.2333333333333,9.984,9.90142857142857,9.868
20131016,10.22,10.055,10.1333333333333,10.162,9.94571428571428,9.915
20131017,10.3,10.26,10.1366666666667,10.244,10.0628571428571,9.973
20131018,10.25,10.275,10.2566666666667,10.19,10.1942857142857,10.008
20131021,10.08,10.165,10.21,10.148,10.2214285714286,10.025
20131022,10.24,10.16,10.19,10.218,10.1814285714286,10.101
20131023,10.09,10.165,10.1366666666667,10.192,10.1528571428571,10.177
20131024,10.08,10.085,10.1366666666667,10.148,10.18,10.196
20131025,10.01,10.045,10.06,10.1,10.15,10.145
20131028,9.7,9.855,9.93,10.024,10.0642857142857,10.086
20131029,9.64,9.67,9.78333333333333,9.904,9.97714285714286,10.061
20131030,9.72,9.68,9.68666666666667,9.83,9.92571428571429,10.011
20131031,9.38,9.55,9.58,9.69,9.80285714285714,9.919
20131101,9.31,9.345,9.47,9.55,9.69142857142857,9.825
20131104,9.05,9.18,9.24666666666667,9.42,9.54428571428571,9.722
20131105,8.96,9.005,9.10666666666667,9.284,9.39428571428572,9.594
20131106,8.93,8.945,8.98,9.126,9.28428571428572,9.478
20131107,9,8.965,8.96333333333333,9.05,9.19285714285714,9.37
20131108,8.99,8.995,8.97333333333333,8.986,9.08857142857143,9.268
20131111,9.06,9.025,9.01666666666667,8.988,9.04285714285714,9.204
20131112,8.94,9,8.99666666666667,8.984,8.99,9.134
20131113,9.29,9.115,9.09666666666667,9.056,9.02428571428571,9.091
20131114,8.98,9.135,9.07,9.052,9.02714285714286,9.051
20131115,9.19,9.085,9.15333333333333,9.092,9.06428571428571,9.039
20131118,9.15,9.17,9.10666666666667,9.11,9.08571428571429,9.049
20131119,9.09,9.12,9.14333333333333,9.14,9.1,9.062
20131120,8.89,8.99,9.04333333333333,9.06,9.07571428571429,9.058
20131121,7.38,8.135,8.45333333333333,8.74,8.85285714285714,8.896
20131122,7.56,7.47,7.94333333333333,8.414,8.60571428571428,8.753
20131125,7.66,7.61,7.53333333333333,8.116,8.41714285714286,8.613
20131126,7.92,7.79,7.71333333333333,7.882,8.23571428571429,8.511
20131127,7.92,7.92,7.83333333333333,7.688,8.06,8.374
20131129,7.9,7.91,7.91333333333333,7.792,7.89,8.266
20131202,7.71,7.805,7.84333333333333,7.822,7.72142857142857,8.118
20131203,7.62,7.665,7.74333333333333,7.814,7.75571428571429,7.965
20131204,7.44,7.53,7.59,7.718,7.73857142857143,7.8
20131205,7.53,7.485,7.53,7.64,7.72,7.664
20131206,7.43,7.48,7.46666666666667,7.546,7.65,7.669
20131209,7.5,7.465,7.48666666666667,7.504,7.59,7.663
20131210,7.46,7.48,7.46333333333333,7.472,7.52714285714286,7.643
20131211,7.28,7.37,7.41333333333333,7.44,7.46571428571429,7.579
20131212,7.05,7.165,7.26333333333333,7.344,7.38428571428571,7.492
20131213,7.21,7.13,7.18,7.3,7.35142857142857,7.423
20131216,7.18,7.195,7.14666666666667,7.236,7.30142857142857,7.37
20131217,7.36,7.27,7.25,7.216,7.29142857142857,7.344
20131218,7.4,7.38,7.31333333333333,7.24,7.27714285714286,7.34
20131219,7.33,7.365,7.36333333333333,7.296,7.25857142857143,7.32
20131220,7.64,7.485,7.45666666666667,7.382,7.31,7.341
20131223,7.48,7.56,7.48333333333333,7.442,7.37142857142857,7.339
20131224,7.77,7.625,7.63,7.524,7.45142857142857,7.37
20131226,7.76,7.765,7.67,7.596,7.53428571428571,7.418
20131227,8.01,7.885,7.84666666666667,7.732,7.62714285714286,7.514
20131230,7.83,7.92,7.86666666666667,7.77,7.68857142857143,7.576
20131231,7.92,7.875,7.92,7.858,7.77285714285714,7.65
20140102,7.77,7.845,7.84,7.858,7.79142857142857,7.691
20140103,7.85,7.81,7.84666666666667,7.876,7.84428571428571,7.736
20140106,7.91,7.88,7.84333333333333,7.856,7.86428571428571,7.794
20140107,8.13,8.02,7.96333333333333,7.916,7.91714285714286,7.843
20140108,8.05,8.09,8.03,7.942,7.92285714285714,7.9
20140109,8.25,8.15,8.14333333333333,8.038,7.98285714285714,7.948
20140110,7.04,7.645,7.78,7.876,7.85714285714286,7.876
20140113,7.2,7.12,7.49666666666667,7.734,7.77571428571428,7.795
20140114,7.66,7.43,7.3,7.64,7.74857142857143,7.778
20140115,7.81,7.735,7.55666666666667,7.592,7.73428571428571,7.767
20140116,7.85,7.83,7.77333333333333,7.512,7.69428571428571,7.775
20140117,7.81,7.83,7.82333333333333,7.666,7.66,7.771
20140121,7.59,7.7,7.75,7.744,7.56571428571428,7.739
20140122,7.51,7.55,7.63666666666667,7.714,7.63285714285714,7.677
20140123,7.54,7.525,7.54666666666667,7.66,7.68142857142857,7.626
20140124,7.27,7.405,7.44,7.544,7.62571428571429,7.528
20140127,7.09,7.18,7.3,7.4,7.52285714285714,7.533
20140128,7.12,7.105,7.16,7.306,7.41857142857143,7.525
20140129,7.06,7.09,7.09,7.216,7.31142857142857,7.465
20140130,7.31,7.185,7.16333333333333,7.17,7.27142857142857,7.415
20140131,7.25,7.28,7.20666666666667,7.166,7.23428571428571,7.355
20140203,7.1,7.175,7.22,7.168,7.17142857142857,7.284
20140204,7.22,7.16,7.19,7.188,7.16428571428571,7.247
20140205,7.02,7.12,7.11333333333333,7.18,7.15428571428571,7.198
20140206,7.09,7.055,7.11,7.136,7.15,7.153
20140207,7.1,7.095,7.07,7.106,7.15571428571428,7.136
20140210,7.14,7.12,7.11,7.114,7.13142857142857,7.141
20140211,7.33,7.235,7.19,7.136,7.14285714285714,7.162
20140212,7.17,7.25,7.21333333333333,7.166,7.15285714285714,7.173
20140213,7,7.085,7.16666666666667,7.148,7.12142857142857,7.142
20140214,7,7,7.05666666666667,7.128,7.11857142857143,7.117
20140218,7.64,7.32,7.21333333333333,7.228,7.19714285714286,7.171
20140219,7.33,7.485,7.32333333333333,7.228,7.23,7.182
20140220,7.26,7.295,7.41,7.246,7.24714285714286,7.206
20140221,7.32,7.29,7.30333333333333,7.31,7.24571428571429,7.229
20140224,7.34,7.33,7.30666666666667,7.378,7.27,7.253
20140225,7.13,7.235,7.26333333333333,7.276,7.28857142857143,7.252
20140226,7.28,7.205,7.25,7.266,7.32857142857143,7.247
20140227,6.99,7.135,7.13333333333333,7.212,7.23571428571428,7.229
20140228,6.76,6.875,7.01,7.1,7.15428571428571,7.205
20140303,6.65,6.705,6.8,6.962,7.06714285714286,7.17
20140304,6.79,6.72,6.73333333333333,6.894,6.99142857142857,7.085
20140305,8.13,7.46,7.19,7.064,7.10428571428571,7.165
20140306,8.1,8.115,7.67333333333333,7.286,7.24285714285714,7.249
20140307,8.1,8.1,8.11,7.554,7.36,7.327
20140310,7.93,8.015,8.04333333333333,7.81,7.49428571428571,7.386
20140311,7.91,7.92,7.98,8.034,7.65857142857143,7.464
20140312,8.22,8.065,8.02,8.052,7.88285714285714,7.558
20140313,8.25,8.235,8.12666666666667,8.082,8.09142857142857,7.684
20140314,8.49,8.37,8.32,8.16,8.14285714285714,7.857
20140317,8.33,8.41,8.35666666666667,8.24,8.17571428571429,8.025
20140318,8.6,8.465,8.47333333333333,8.378,8.24714285714286,8.206
20140319,8.44,8.52,8.45666666666667,8.422,8.32,8.237
20140320,8.32,8.38,8.45333333333333,8.436,8.37857142857143,8.259
20140321,8.29,8.305,8.35,8.396,8.38857142857143,8.278
20140324,7.82,8.055,8.14333333333333,8.294,8.32714285714286,8.267
20140325,7.86,7.84,7.99,8.146,8.23714285714286,8.262
20140326,7.63,7.745,7.77,7.984,8.13714285714286,8.203
20140327,7.44,7.535,7.64333333333333,7.808,7.97142857142857,8.122
20140328,7.34,7.39,7.47,7.618,7.81428571428571,8.007
20140331,7.3,7.32,7.36,7.514,7.66857142857143,7.904
20140401,7.6,7.45,7.41333333333333,7.462,7.57,7.804
20140402,7.62,7.61,7.50666666666667,7.46,7.54142857142857,7.722
20140403,7.38,7.5,7.53333333333333,7.448,7.47285714285714,7.628
20140404,7.08,7.23,7.36,7.396,7.39428571428571,7.507
20140407,7.02,7.05,7.16,7.34,7.33428571428571,7.427
20140408,7.12,7.07,7.07333333333333,7.244,7.30285714285714,7.353
20140409,7.76,7.44,7.3,7.272,7.36857142857143,7.366
20140410,7.22,7.49,7.36666666666667,7.24,7.31428571428571,7.344
20140411,7.13,7.175,7.37,7.25,7.24428571428571,7.323
20140414,7.14,7.135,7.16333333333333,7.274,7.21,7.307
20140415,7.08,7.11,7.11666666666667,7.266,7.21,7.255
20140416,7.09,7.085,7.10333333333333,7.132,7.22,7.202
20140417,7.1,7.095,7.09,7.108,7.21714285714286,7.174
20140421,7.08,7.09,7.09,7.098,7.12,7.174
20140422,7.17,7.125,7.11666666666667,7.104,7.11285714285714,7.189
20140423,6.92,7.045,7.05666666666667,7.072,7.08285714285714,7.169
20140424,6.8,6.86,6.96333333333333,7.014,7.03428571428571,7.073
20140425,6.7,6.75,6.80666666666667,6.934,6.98,7.021
20140428,6.53,6.615,6.67666666666667,6.824,6.9,6.961
20140429,6.65,6.59,6.62666666666667,6.72,6.83571428571429,6.912
20140430,6.72,6.685,6.63333333333333,6.68,6.78428571428571,6.876
20140501,6.76,6.74,6.71,6.672,6.72571428571429,6.843
20140502,6.68,6.72,6.72,6.668,6.69142857142857,6.801
20140505,6.58,6.63,6.67333333333333,6.678,6.66,6.751
20140506,6.39,6.485,6.55,6.626,6.61571428571428,6.673
20140507,6.18,6.285,6.38333333333333,6.518,6.56571428571429,6.599
20140508,6.05,6.115,6.20666666666667,6.376,6.48,6.524
20140509,6.13,6.09,6.12,6.266,6.39571428571429,6.467
20140512,6.5,6.315,6.22666666666667,6.25,6.35857142857143,6.464
20140513,6.48,6.49,6.37,6.268,6.33,6.447
20140514,6.17,6.325,6.38333333333333,6.266,6.27142857142857,6.392
20140515,5.93,6.05,6.19333333333333,6.242,6.20571428571428,6.309
20140516,6.03,5.98,6.04333333333333,6.222,6.18428571428571,6.244
20140519,6.26,6.145,6.07333333333333,6.174,6.21428571428571,6.212
20140520,6.28,6.27,6.19,6.134,6.23571428571429,6.201
20140521,6.34,6.31,6.29333333333333,6.168,6.21285714285714,6.217
20140522,6.45,6.395,6.35666666666667,6.272,6.20857142857143,6.257
20140523,6.53,6.49,6.44,6.372,6.26,6.297
20140527,6.73,6.63,6.57,6.466,6.37428571428571,6.32
20140528,6.7,6.715,6.65333333333333,6.55,6.47,6.342
20140529,6.8,6.75,6.74333333333333,6.642,6.54714285714286,6.405
20140530,6.58,6.69,6.69333333333333,6.668,6.59,6.47
20140602,6.44,6.51,6.60666666666667,6.65,6.60428571428571,6.511
20140603,6.3,6.37,6.44,6.564,6.58285714285714,6.515
20140604,6.23,6.265,6.32333333333333,6.47,6.54,6.51
20140605,7.07,6.65,6.53333333333333,6.524,6.58857142857143,6.583
20140606,7.2,7.135,6.83333333333333,6.648,6.66,6.658
20140609,7.61,7.405,7.29333333333333,6.882,6.77571428571428,6.766
20140610,7.53,7.57,7.44666666666667,7.128,6.91142857142857,6.846
20140611,7.4,7.465,7.51333333333333,7.362,7.04857142857143,6.916
20140612,7.51,7.455,7.48,7.45,7.22142857142857,6.987
20140613,7.55,7.53,7.48666666666667,7.52,7.41,7.084
20140616,7.68,7.615,7.58,7.534,7.49714285714286,7.208
20140617,7.75,7.715,7.66,7.578,7.57571428571428,7.353
20140618,7.83,7.79,7.75333333333333,7.664,7.60714285714286,7.513
20140619,7.9,7.865,7.82666666666667,7.742,7.66,7.596
20140620,7.87,7.885,7.86666666666667,7.806,7.72714285714286,7.663
20140623,7.86,7.865,7.87666666666667,7.842,7.77714285714286,7.688
20140624,7.82,7.84,7.85,7.856,7.81571428571429,7.717
20140625,7.84,7.83,7.84,7.858,7.83857142857143,7.761
20140626,7.89,7.865,7.85,7.856,7.85857142857143,7.799
20140627,7.96,7.925,7.89666666666667,7.874,7.87714285714286,7.84
20140630,7.89,7.925,7.91333333333333,7.88,7.87571428571429,7.861
20140701,7.98,7.935,7.94333333333333,7.912,7.89142857142857,7.884
20140702,8.01,7.995,7.96,7.946,7.91285714285714,7.902
20140703,8.08,8.045,8.02333333333333,7.984,7.95,7.92
20140707,7.89,7.985,7.99333333333333,7.97,7.95714285714286,7.922
20140708,7.75,7.82,7.90666666666667,7.942,7.93714285714286,7.911
20140709,7.81,7.78,7.81666666666667,7.908,7.91571428571428,7.91
20140710,7.68,7.745,7.74666666666667,7.842,7.88571428571428,7.894
20140711,7.68,7.68,7.72333333333333,7.762,7.84285714285714,7.873
20140714,7.74,7.71,7.7,7.732,7.80428571428571,7.851
20140715,7.55,7.645,7.65666666666667,7.692,7.72857142857143,7.817
20140716,7.49,7.52,7.59333333333333,7.628,7.67142857142857,7.768
20140717,7.34,7.415,7.46,7.56,7.61285714285714,7.701
20140718,7.54,7.44,7.45666666666667,7.532,7.57428571428571,7.647
20140721,7.5,7.52,7.46,7.484,7.54857142857143,7.608
20140722,7.66,7.58,7.56666666666667,7.506,7.54571428571429,7.599
20140723,7.58,7.62,7.58,7.524,7.52285714285714,7.576
20140724,7.56,7.57,7.6,7.568,7.52428571428571,7.564
20140725,7.5,7.53,7.54666666666667,7.56,7.52571428571428,7.546
20140728,7.42,7.46,7.49333333333333,7.544,7.53714285714286,7.514
20140729,7.44,7.43,7.45333333333333,7.5,7.52285714285714,7.503
20140730,7.64,7.54,7.5,7.512,7.54285714285714,7.518
20140731,7.41,7.525,7.49666666666667,7.482,7.50714285714286,7.525
20140801,7.37,7.39,7.47333333333333,7.456,7.47714285714286,7.508
20140804,7.34,7.355,7.37333333333333,7.44,7.44571428571429,7.492
20140805,7.36,7.35,7.35666666666667,7.424,7.42571428571429,7.462
20140806,7.53,7.445,7.41,7.402,7.44142857142857,7.457
20140807,7.37,7.45,7.42,7.394,7.43142857142857,7.438
20140808,7.26,7.315,7.38666666666667,7.372,7.37714285714286,7.414
20140811,7.53,7.395,7.38666666666667,7.41,7.39428571428571,7.425
20140812,7.37,7.45,7.38666666666667,7.412,7.39428571428571,7.418
20140813,7.51,7.44,7.47,7.408,7.41857142857143,7.405
20140814,7.43,7.47,7.43666666666667,7.42,7.42857142857143,7.407
20140815,7.25,7.34,7.39666666666667,7.418,7.38857142857143,7.395
20140818,7.39,7.32,7.35666666666667,7.39,7.39142857142857,7.4
20140819,7.42,7.405,7.35333333333333,7.4,7.41428571428571,7.406
20140820,7.25,7.335,7.35333333333333,7.348,7.37428571428571,7.378
20140821,7.2,7.225,7.29,7.302,7.35,7.361
20140822,7.32,7.26,7.25666666666667,7.316,7.32285714285714,7.367
20140825,7.27,7.295,7.26333333333333,7.292,7.3,7.341
20140826,7.37,7.32,7.32,7.282,7.31714285714286,7.341
20140827,7.36,7.365,7.33333333333333,7.304,7.31285714285714,7.326
20140828,7.22,7.29,7.31666666666667,7.308,7.28428571428571,7.305
20140829,7.3,7.26,7.29333333333333,7.304,7.29142857142857,7.31
20140902,7.55,7.425,7.35666666666667,7.36,7.34142857142857,7.326
20140903,7.5,7.525,7.45,7.386,7.36714285714286,7.334
20140904,7.8,7.65,7.61666666666667,7.474,7.44285714285714,7.389
20140905,7.92,7.86,7.74,7.614,7.52142857142857,7.461
20140908,8,7.96,7.90666666666667,7.754,7.61285714285714,7.529
20140909,7.95,7.975,7.95666666666667,7.834,7.71714285714286,7.597
20140910,8.01,7.98,7.98666666666667,7.936,7.81857142857143,7.661
20140911,8.03,8.02,7.99666666666667,7.982,7.88714285714286,7.728
20140912,8.12,8.075,8.05333333333333,8.022,7.97571428571428,7.818
20140915,7.85,7.985,8,7.992,7.98285714285714,7.873
20140916,7.79,7.82,7.92,7.96,7.96428571428571,7.897
20140917,7.72,7.755,7.78666666666667,7.902,7.92428571428571,7.919
20140918,7.82,7.77,7.77666666666667,7.86,7.90571428571428,7.921
20140919,7.73,7.775,7.75666666666667,7.782,7.86571428571428,7.902
20140922,7.33,7.53,7.62666666666667,7.678,7.76571428571429,7.835
20140923,7.21,7.27,7.42333333333333,7.562,7.63571428571429,7.761
20140924,7.37,7.29,7.30333333333333,7.492,7.56714285714286,7.697
20140925,7.21,7.29,7.26333333333333,7.37,7.48428571428571,7.615
20140926,7.33,7.27,7.30333333333333,7.29,7.42857142857143,7.536
20140929,7.39,7.36,7.31,7.302,7.36714285714286,7.49
20140930,7.39,7.39,7.37,7.338,7.31857142857143,7.45
20141001,7.25,7.32,7.34333333333333,7.314,7.30714285714286,7.403
20141002,7.49,7.37,7.37666666666667,7.37,7.34714285714286,7.37
20141003,7.47,7.48,7.40333333333333,7.398,7.36142857142857,7.344
20141006,7.3,7.385,7.42,7.38,7.37428571428571,7.341
20141007,7.21,7.255,7.32666666666667,7.344,7.35714285714286,7.341
20141008,7.32,7.265,7.27666666666667,7.358,7.34714285714286,7.336
20141009,7.22,7.27,7.25,7.304,7.32285714285714,7.337
20141010,6.96,7.09,7.16666666666667,7.202,7.28142857142857,7.3
20141013,6.98,6.97,7.05333333333333,7.138,7.20857142857143,7.259
20141014,6.93,6.955,6.95666666666667,7.082,7.13142857142857,7.213
20141015,6.93,6.93,6.94666666666667,7.004,7.07857142857143,7.181
20141016,7.12,7.025,6.99333333333333,6.984,7.06571428571428,7.144
20141017,7.09,7.105,7.04666666666667,7.01,7.03285714285714,7.106
20141020,7.1,7.095,7.10333333333333,7.034,7.01571428571429,7.086
20141021,7.13,7.115,7.10666666666667,7.074,7.04,7.078
20141022,6.98,7.055,7.07,7.084,7.04,7.044
20141023,7.17,7.075,7.09333333333333,7.094,7.07428571428571,7.039
20141024,7.24,7.205,7.13,7.124,7.11857142857143,7.067
20141027,7.14,7.19,7.18333333333333,7.132,7.12142857142857,7.083
20141028,7.34,7.24,7.24,7.174,7.15714285714286,7.124
20141029,7.22,7.28,7.23333333333333,7.222,7.17428571428571,7.153
20141030,7.36,7.29,7.30666666666667,7.26,7.20714285714286,7.177
20141031,7.45,7.405,7.34333333333333,7.302,7.27428571428571,7.213
20141103,7.32,7.385,7.37666666666667,7.338,7.29571428571428,7.235
20141104,7.46,7.39,7.41,7.362,7.32714285714286,7.268
20141105,7.43,7.445,7.40333333333333,7.404,7.36857142857143,7.313
20141106,7.44,7.435,7.44333333333333,7.42,7.38285714285714,7.34
20141107,7.57,7.505,7.48,7.444,7.43285714285714,7.373
20141110,7.71,7.64,7.57333333333333,7.522,7.48285714285714,7.43
20141111,7.69,7.7,7.65666666666667,7.568,7.51714285714286,7.465
20141112,7.7,7.695,7.7,7.622,7.57142857142857,7.513
20141113,7.59,7.645,7.66,7.652,7.59,7.536
20141114,7.7,7.645,7.66333333333333,7.678,7.62857142857143,7.561
20141117,7.41,7.555,7.56666666666667,7.618,7.62428571428571,7.57
20141118,7.44,7.425,7.51666666666667,7.568,7.60571428571429,7.568
20141119,7.33,7.385,7.39333333333333,7.494,7.55142857142857,7.558
20141120,7.44,7.385,7.40333333333333,7.464,7.51571428571429,7.558
20141121,7.49,7.465,7.42,7.422,7.48571428571429,7.55
20141124,7.43,7.46,7.45333333333333,7.426,7.46285714285714,7.522
20141125,7.5,7.465,7.47333333333333,7.438,7.43428571428572,7.503
20141126,7.49,7.495,7.47333333333333,7.47,7.44571428571429,7.482
20141128,7.36,7.425,7.45,7.454,7.43428571428572,7.459
20141201,7.16,7.26,7.33666666666667,7.388,7.41,7.405
20141202,7.49,7.325,7.33666666666667,7.4,7.41714285714286,7.413
20141203,7.73,7.61,7.46,7.446,7.45142857142857,7.442
20141204,7.79,7.76,7.67,7.506,7.50285714285714,7.488
20141205,7.64,7.715,7.72,7.562,7.52285714285714,7.508
20141208,7.45,7.545,7.62666666666667,7.62,7.51714285714286,7.504
20141209,7.6,7.525,7.56333333333333,7.642,7.55142857142857,7.521
20141210,7.49,7.545,7.51333333333333,7.594,7.59857142857143,7.52
20141211,7.51,7.5,7.53333333333333,7.538,7.60142857142857,7.522
20141212,7.49,7.5,7.49666666666667,7.508,7.56714285714286,7.535
20141215,7.37,7.43,7.45666666666667,7.492,7.50714285714286,7.556
20141216,7.27,7.32,7.37666666666667,7.426,7.45428571428571,7.534
20141217,7.33,7.3,7.32333333333333,7.394,7.43714285714286,7.494
20141218,7.33,7.33,7.31,7.358,7.39857142857143,7.448
20141219,7.56,7.445,7.40666666666667,7.372,7.40857142857143,7.44
20141222,7.82,7.69,7.57,7.462,7.45285714285714,7.477
20141223,7.96,7.89,7.78,7.6,7.52,7.513
20141224,7.92,7.94,7.9,7.718,7.59857142857143,7.556
20141226,8,7.96,7.96,7.852,7.70285714285714,7.605
20141229,8.13,8.065,8.01666666666667,7.966,7.81714285714286,7.669
20141230,8.19,8.16,8.10666666666667,8.04,7.94,7.751
20141231,8.04,8.115,8.12,8.056,8.00857142857143,7.828
20150102,8.19,8.115,8.14,8.11,8.06142857142857,7.914
20150105,8.14,8.165,8.12333333333333,8.138,8.08714285714286,7.995
20150106,8.15,8.145,8.16,8.142,8.12,8.054
20150107,8.14,8.145,8.14333333333333,8.132,8.14,8.086
20150108,8.38,8.26,8.22333333333333,8.2,8.17571428571429,8.128
20150109,8.34,8.36,8.28666666666667,8.23,8.19714285714286,8.17
20150112,8.31,8.325,8.34333333333333,8.264,8.23571428571429,8.201
20150113,8.02,8.165,8.22333333333333,8.238,8.21142857142857,8.19
20150114,8.02,8.02,8.11666666666667,8.214,8.19428571428571,8.173
20150115,7.9,7.96,7.98,8.118,8.15857142857143,8.159
20150116,8.07,7.985,7.99666666666667,8.064,8.14857142857143,8.147
20150120,8.05,8.06,8.00666666666667,8.012,8.10142857142857,8.138
20150121,8.29,8.17,8.13666666666667,8.066,8.09428571428572,8.152
20150122,8.52,8.405,8.28666666666667,8.166,8.12428571428572,8.19
20150123,8.67,8.595,8.49333333333333,8.32,8.21714285714286,8.219
20150126,8.73,8.7,8.64,8.452,8.31857142857143,8.258
20150127,8.57,8.65,8.65666666666667,8.556,8.41428571428571,8.284
20150128,8.38,8.475,8.56,8.574,8.45857142857143,8.32
20150129,8.43,8.405,8.46,8.556,8.51285714285714,8.361
20150130,8.31,8.37,8.37333333333333,8.484,8.51571428571429,8.402
20150202,8.33,8.32,8.35666666666667,8.404,8.48857142857143,8.428
20150203,8.39,8.36,8.34333333333333,8.368,8.44857142857143,8.462
20150204,8.39,8.39,8.37,8.37,8.4,8.472
20150205,8.39,8.39,8.39,8.362,8.37428571428572,8.459
20150206,8.37,8.38,8.38333333333333,8.374,8.37285714285714,8.429
20150209,8.16,8.265,8.30666666666667,8.34,8.33428571428571,8.372
20150210,8.21,8.185,8.24666666666667,8.304,8.32,8.336
20150211,8.11,8.16,8.16,8.248,8.28857142857143,8.309
20150212,8.34,8.225,8.22,8.238,8.28142857142857,8.3
20150213,8.54,8.44,8.33,8.272,8.30285714285714,8.323
20150217,8.67,8.605,8.51666666666667,8.374,8.34285714285714,8.357
20150218,9.04,8.855,8.75,8.54,8.43857142857143,8.422
20150219,9.06,9.05,8.92333333333333,8.73,8.56714285714286,8.489
20150220,9.24,9.15,9.11333333333333,8.91,8.71428571428571,8.574
20150223,9.15,9.195,9.15,9.032,8.86285714285714,8.652
20150224,9.09,9.12,9.16,9.116,8.97,8.745
20150225,9.17,9.13,9.13666666666667,9.142,9.06,8.841
20150226,9.25,9.21,9.17,9.18,9.14285714285714,8.955
20150227,9.25,9.25,9.22333333333333,9.182,9.17285714285714,9.046
20150302,9.19,9.22,9.23,9.19,9.19142857142857,9.111
20150303,9.08,9.135,9.17333333333333,9.188,9.16857142857143,9.152
20150304,6.41,7.745,8.22666666666667,8.636,8.77714285714286,8.889
20150305,6.26,6.335,7.25,8.038,8.37285714285714,8.609
20150306,6.12,6.19,6.26333333333333,7.412,7.93714285714286,8.297
20150309,6.28,6.2,6.22,6.83,7.51285714285714,8.01
20150310,6.28,6.28,6.22666666666667,6.27,7.08857142857143,7.729
20150311,6.19,6.235,6.25,6.226,6.66,7.431
20150312,6.19,6.19,6.22,6.212,6.24714285714286,7.125
20150313,6.14,6.165,6.17333333333333,6.216,6.20857142857143,6.814
20150316,6.06,6.1,6.13,6.172,6.18,6.501
20150317,6.05,6.055,6.08333333333333,6.126,6.17,6.198
20150318,5.99,6.02,6.03333333333333,6.086,6.12857142857143,6.156
20150319,5.89,5.94,5.97666666666667,6.026,6.07285714285714,6.119
20150320,5.9,5.895,5.92666666666667,5.978,6.03142857142857,6.097
20150323,5.91,5.905,5.9,5.948,5.99142857142857,6.06
20150324,5.87,5.89,5.89333333333333,5.912,5.95285714285714,6.019
20150325,5.79,5.83,5.85666666666667,5.872,5.91428571428571,5.979
20150326,5.71,5.75,5.79,5.836,5.86571428571429,5.931
20150327,5.79,5.75,5.76333333333333,5.814,5.83714285714286,5.896
20150330,5.8,5.795,5.76666666666667,5.792,5.82428571428571,5.87
20150331,5.65,5.725,5.74666666666667,5.748,5.78857142857143,5.83
20150401,5.8,5.725,5.75,5.75,5.77285714285714,5.811
20150402,5.86,5.83,5.77,5.78,5.77142857142857,5.808
20150406,5.9,5.88,5.85333333333333,5.802,5.78714285714286,5.808
20150407,5.83,5.865,5.86333333333333,5.808,5.80428571428571,5.8
20150408,5.87,5.85,5.86666666666667,5.852,5.81571428571428,5.8
20150409,5.82,5.845,5.84,5.856,5.81857142857143,5.803
20150410,5.85,5.835,5.84666666666667,5.854,5.84714285714286,5.817
20150413,5.84,5.845,5.83666666666667,5.842,5.85285714285714,5.822
20150414,5.81,5.825,5.83333333333333,5.838,5.84571428571429,5.823
20150415,5.89,5.85,5.84666666666667,5.842,5.84428571428571,5.847
20150416,5.85,5.87,5.85,5.848,5.84714285714286,5.852
20150417,5.64,5.745,5.79333333333333,5.806,5.81428571428571,5.83
20150420,5.75,5.695,5.74666666666667,5.788,5.80428571428571,5.815
20150421,5.8,5.775,5.73,5.786,5.79714285714286,5.812
20150422,5.87,5.835,5.80666666666667,5.782,5.80142857142857,5.812
20150423,5.79,5.83,5.82,5.77,5.79857142857143,5.809
20150424,5.75,5.77,5.80333333333333,5.792,5.77857142857143,5.799
20150427,5.65,5.7,5.73,5.772,5.75,5.78
20150428,5.59,5.62,5.66333333333333,5.73,5.74285714285714,5.758
20150429,5.56,5.575,5.6,5.668,5.71571428571429,5.725
20150430,5.38,5.47,5.51,5.586,5.65571428571429,5.678
20150501,5.32,5.35,5.42,5.5,5.57714285714286,5.646
20150504,5.36,5.34,5.35333333333333,5.442,5.51571428571429,5.607
20150505,5.3,5.33,5.32666666666667,5.384,5.45142857142857,5.557
20150506,5.32,5.31,5.32666666666667,5.336,5.40428571428571,5.502
20150507,5.38,5.35,5.33333333333333,5.336,5.37428571428571,5.461
20150508,5.36,5.37,5.35333333333333,5.344,5.34571428571429,5.422
20150511,5.53,5.445,5.42333333333333,5.378,5.36714285714286,5.41
20150512,5.51,5.52,5.46666666666667,5.42,5.39428571428571,5.402
20150513,5.55,5.53,5.53,5.466,5.42142857142857,5.401
20150514,5.59,5.57,5.55,5.508,5.46285714285714,5.422
20150515,5.62,5.605,5.58666666666667,5.56,5.50571428571429,5.452
20150518,5.73,5.675,5.64666666666667,5.6,5.55571428571429,5.489
20150519,5.68,5.705,5.67666666666667,5.634,5.60142857142857,5.527
20150520,5.62,5.65,5.67666666666667,5.648,5.61428571428571,5.557
20150521,5.72,5.67,5.67333333333333,5.674,5.64428571428571,5.591
20150522,5.65,5.685,5.66333333333333,5.68,5.65857142857143,5.62
20150526,5.57,5.61,5.64666666666667,5.648,5.65571428571428,5.624
20150527,5.65,5.61,5.62333333333333,5.642,5.66,5.638
20150528,5.64,5.645,5.62,5.646,5.64714285714286,5.647
20150529,5.72,5.68,5.67,5.646,5.65285714285714,5.66
20150601,5.73,5.725,5.69666666666667,5.662,5.66857142857143,5.671
20150602,5.7,5.715,5.71666666666667,5.688,5.66571428571429,5.668
20150603,5.66,5.68,5.69666666666667,5.69,5.66714285714286,5.666
20150604,5.78,5.72,5.71333333333333,5.718,5.69714285714286,5.682
20150605,6.09,5.935,5.84333333333333,5.792,5.76,5.719
20150608,6.04,6.065,5.97,5.854,5.81714285714286,5.758
20150609,6.12,6.08,6.08333333333333,5.938,5.87428571428571,5.813
20150610,6.24,6.18,6.13333333333333,6.054,5.94714285714286,5.872
20150611,5.88,6.06,6.08,6.074,5.97285714285714,5.896
20150612,6.03,5.955,6.05,6.062,6.02571428571429,5.927
20150615,6.27,6.15,6.06,6.108,6.09571428571429,5.981
20150616,6.26,6.265,6.18666666666667,6.136,6.12,6.037
20150617,6.42,6.34,6.31666666666667,6.172,6.17428571428571,6.113
20150618,6.45,6.435,6.37666666666667,6.286,6.22142857142857,6.18
20150619,6.37,6.41,6.41333333333333,6.354,6.24,6.208
20150622,6.32,6.345,6.38,6.364,6.30285714285714,6.236
20150623,6.33,6.325,6.34,6.378,6.34571428571429,6.257
20150624,6.39,6.36,6.34666666666667,6.372,6.36285714285714,6.272
20150625,6.32,6.355,6.34666666666667,6.346,6.37142857142857,6.316
20150626,6.14,6.23,6.28333333333333,6.3,6.33142857142857,6.327
20150629,5.92,6.03,6.12666666666667,6.22,6.25571428571429,6.292
20150630,5.89,5.905,5.98333333333333,6.132,6.18714285714286,6.255
20150701,5.92,5.905,5.91,6.038,6.13,6.205
20150702,5.93,5.925,5.91333333333333,5.96,6.07285714285714,6.153
20150706,5.85,5.89,5.9,5.902,5.99571428571429,6.101
20150707,5.8,5.825,5.86,5.878,5.92142857142857,6.049
20150708,5.82,5.81,5.82333333333333,5.864,5.87571428571429,5.998
20150709,5.94,5.88,5.85333333333333,5.868,5.87857142857143,5.953
20150710,5.77,5.855,5.84333333333333,5.836,5.86142857142857,5.898
20150713,5.8,5.785,5.83666666666667,5.826,5.84428571428571,5.864
20150714,5.98,5.89,5.85,5.862,5.85142857142857,5.87
20150715,5.77,5.875,5.85,5.852,5.84,5.858
20150716,6.04,5.905,5.93,5.872,5.87428571428571,5.87
20150717,5.94,5.99,5.91666666666667,5.906,5.89142857142857,5.871
20150720,5.86,5.9,5.94666666666667,5.918,5.88,5.872
20150721,5.93,5.895,5.91,5.908,5.90285714285714,5.885
20150722,5.81,5.87,5.86666666666667,5.916,5.90428571428571,5.884
20150723,5.63,5.72,5.79,5.834,5.85428571428571,5.853
20150724,5.55,5.59,5.66333333333333,5.756,5.82285714285714,5.831
20150727,5.45,5.5,5.54333333333333,5.674,5.73857142857143,5.796
20150728,5.56,5.505,5.52,5.6,5.68428571428571,5.754
20150729,5.46,5.51,5.49,5.53,5.62714285714286,5.723
20150730,5.46,5.46,5.49333333333333,5.496,5.56,5.665
20150731,5.64,5.55,5.52,5.514,5.53571428571428,5.635
20150803,5.53,5.585,5.54333333333333,5.53,5.52142857142857,5.602
20150804,5.51,5.52,5.56,5.52,5.51571428571429,5.56
20150805,5.61,5.56,5.55,5.55,5.53857142857143,5.54
20150806,5.49,5.55,5.53666666666667,5.556,5.52857142857143,5.526
20150807,5.49,5.49,5.53,5.526,5.53285714285714,5.52
20150810,5.51,5.5,5.49666666666667,5.522,5.54,5.526
20150811,5.45,5.48,5.48333333333333,5.51,5.51285714285714,5.515
20150812,5.4,5.425,5.45333333333333,5.468,5.49428571428571,5.509
20150813,5.28,5.34,5.37666666666667,5.426,5.46142857142857,5.491
20150814,5.38,5.33,5.35333333333333,5.404,5.42857142857143,5.465
20150817,5.36,5.37,5.34,5.374,5.41,5.448
20150818,5.3,5.33,5.34666666666667,5.344,5.38285714285714,5.427
20150819,5.22,5.26,5.29333333333333,5.308,5.34142857142857,5.388
20150820,5.15,5.185,5.22333333333333,5.282,5.29857142857143,5.354
20150821,5.08,5.115,5.15,5.222,5.25285714285714,5.313
20150824,4.98,5.03,5.07,5.146,5.21,5.26
20150825,5.03,5.005,5.03,5.092,5.16,5.218
20150826,4.95,4.99,4.98666666666667,5.038,5.10142857142857,5.173
20150827,5.05,5,5.01,5.018,5.06571428571428,5.15
20150828,5.16,5.105,5.05333333333333,5.034,5.05714285714286,5.128
20150831,5.19,5.175,5.13333333333333,5.076,5.06285714285714,5.111
20150901,5.18,5.185,5.17666666666667,5.106,5.07714285714286,5.099
20150902,5.07,5.125,5.14666666666667,5.13,5.09,5.084
20150903,5.09,5.08,5.11333333333333,5.138,5.09857142857143,5.078
20150904,5,5.045,5.05333333333333,5.106,5.10571428571428,5.07
20150908,5.09,5.045,5.06,5.086,5.11142857142857,5.081
20150909,5.1,5.095,5.06333333333333,5.07,5.10285714285714,5.088
20150910,5.1,5.1,5.09666666666667,5.076,5.09,5.103
20150911,5.06,5.08,5.08666666666667,5.07,5.07285714285714,5.104
20150914,5.06,5.06,5.07333333333333,5.082,5.07142857142857,5.094
20150915,5.15,5.105,5.09,5.094,5.08,5.09
20150916,5.22,5.185,5.14333333333333,5.118,5.11142857142857,5.094
20150917,5.33,5.275,5.23333333333333,5.164,5.14571428571429,5.12
20150918,5.15,5.24,5.23333333333333,5.182,5.15285714285714,5.126
20150921,5.06,5.105,5.18,5.182,5.14714285714286,5.132
20150922,4.88,4.97,5.03,5.128,5.12142857142857,5.111
20150923,4.73,4.805,4.89,5.03,5.07428571428571,5.074
20150924,4.96,4.845,4.85666666666667,4.956,5.04714285714286,5.06
20150925,4.68,4.82,4.79,4.862,4.97,5.022
20150928,4.52,4.6,4.72,4.754,4.85428571428571,4.968
20150929,4.4,4.46,4.53333333333333,4.658,4.74714285714286,4.893
20150930,4.51,4.455,4.47666666666667,4.614,4.66857142857143,4.822
20151001,4.41,4.46,4.44,4.504,4.60142857142857,4.73
20151002,4.62,4.515,4.51333333333333,4.492,4.58571428571429,4.677
20151005,4.81,4.715,4.61333333333333,4.55,4.56428571428571,4.652
20151006,4.78,4.795,4.73666666666667,4.626,4.57857142857143,4.642
20151007,4.87,4.825,4.82,4.698,4.62857142857143,4.656
20151008,4.9,4.885,4.85,4.796,4.7,4.65
20151009,5.02,4.96,4.93,4.876,4.77285714285714,4.684
20151012,4.87,4.945,4.93,4.888,4.83857142857143,4.719
20151013,4.91,4.89,4.93333333333333,4.914,4.88,4.77
20151014,4.4,4.655,4.72666666666667,4.82,4.82142857142857,4.759
20151015,4.3,4.35,4.53666666666667,4.7,4.75285714285714,4.748
20151016,4.45,4.375,4.38333333333333,4.586,4.69285714285714,4.731
20151019,4.4,4.425,4.38333333333333,4.492,4.62142857142857,4.69
20151020,4.41,4.405,4.42,4.392,4.53428571428571,4.653
20151021,4.43,4.42,4.41333333333333,4.398,4.47142857142857,4.609
20151022,4.43,4.43,4.42333333333333,4.424,4.40285714285714,4.562
20151023,4.55,4.49,4.47,4.444,4.42428571428571,4.515
20151026,4.45,4.5,4.47666666666667,4.454,4.44571428571428,4.473
20151027,4.5,4.475,4.5,4.472,4.45285714285714,4.432
20151028,4.57,4.535,4.50666666666667,4.5,4.47714285714286,4.449
20151029,4.51,4.54,4.52666666666667,4.516,4.49142857142857,4.47
20151030,4.43,4.47,4.50333333333333,4.492,4.49142857142857,4.468
20151102,4.55,4.49,4.49666666666667,4.512,4.50857142857143,4.483
20151103,4.62,4.585,4.53333333333333,4.536,4.51857142857143,4.504
20151104,4.64,4.63,4.60333333333333,4.55,4.54571428571429,4.525
20151105,4.59,4.615,4.61666666666667,4.566,4.55857142857143,4.541
20151106,4.6,4.595,4.61,4.6,4.56285714285714,4.546
20151109,4.51,4.555,4.56666666666667,4.592,4.56285714285714,4.552
20151110,4.42,4.465,4.51,4.552,4.56142857142857,4.544
20151111,4.41,4.415,4.44666666666667,4.506,4.54142857142857,4.528
20151112,4.34,4.375,4.39,4.456,4.50142857142857,4.511
20151113,4.24,4.29,4.33,4.384,4.44428571428571,4.492
20151116,4.35,4.295,4.31,4.352,4.41,4.472
20151117,4.26,4.305,4.28333333333333,4.32,4.36142857142857,4.436
20151118,4.41,4.335,4.34,4.32,4.34714285714286,4.413
20151119,4.46,4.435,4.37666666666667,4.344,4.35285714285714,4.4
20151120,4.55,4.505,4.47333333333333,4.406,4.37285714285714,4.395
20151123,4.64,4.595,4.55,4.464,4.41571428571429,4.408
20151124,4.7,4.67,4.63,4.552,4.48142857142857,4.436
20151125,4.75,4.725,4.69666666666667,4.62,4.53857142857143,4.47
20151127,4.73,4.74,4.72666666666667,4.674,4.60571428571428,4.509
20151130,4.63,4.68,4.70333333333333,4.69,4.63714285714286,4.548
20151201,4.6,4.615,4.65333333333333,4.682,4.65714285714286,4.573
20151202,4.5,4.55,4.57666666666667,4.642,4.65,4.597
20151203,4.53,4.515,4.54333333333333,4.598,4.63428571428571,4.609
20151204,4.66,4.595,4.56333333333333,4.584,4.62857142857143,4.629
20151207,4.53,4.595,4.57333333333333,4.564,4.59714285714286,4.627
20151208,4.36,4.445,4.51666666666667,4.516,4.54428571428571,4.599
20151209,4.45,4.405,4.44666666666667,4.506,4.51857142857143,4.574
20151210,4.49,4.47,4.43333333333333,4.498,4.50285714285714,4.548
20151211,4.34,4.415,4.42666666666667,4.434,4.48,4.509
20151214,4.7,4.52,4.51,4.468,4.50428571428571,4.516
20151215,4.81,4.755,4.61666666666667,4.558,4.52571428571429,4.537
20151216,4.82,4.815,4.77666666666667,4.632,4.56714285714286,4.569
20151217,4.81,4.815,4.81333333333333,4.696,4.63142857142857,4.597
20151218,4.61,4.71,4.74666666666667,4.75,4.65428571428571,4.592
20151221,4.6,4.605,4.67333333333333,4.73,4.67,4.599
20151222,4.65,4.625,4.62,4.698,4.71428571428571,4.628
20151223,4.66,4.655,4.63666666666667,4.666,4.70857142857143,4.649
20151224,4.59,4.625,4.63333333333333,4.622,4.67714285714286,4.659
20151228,4.67,4.63,4.64,4.634,4.65571428571429,4.692
20151229,4.58,4.625,4.61333333333333,4.63,4.62285714285714,4.68
20151230,4.54,4.56,4.59666666666667,4.608,4.61285714285714,4.653
20151231,4.38,4.46,4.5,4.552,4.58142857142857,4.609
20160104,4.26,4.32,4.39333333333333,4.486,4.52571428571429,4.554
20160105,4.21,4.235,4.28333333333333,4.394,4.46142857142857,4.514
20160106,4.14,4.175,4.20333333333333,4.306,4.39714285714286,4.468
20160107,4.01,4.075,4.12,4.2,4.30285714285714,4.404
20160108,3.82,3.915,3.99,4.088,4.19428571428571,4.32
20160111,3.87,3.845,3.9,4.01,4.09857142857143,4.248
20160112,3.72,3.795,3.80333333333333,3.912,4.00428571428571,4.153
20160113,3.68,3.7,3.75666666666667,3.82,3.92142857142857,4.063
20160114,3.76,3.72,3.72,3.77,3.85714285714286,3.985
20160115,3.62,3.69,3.68666666666667,3.73,3.78285714285714,3.909
20160119,3.48,3.55,3.62,3.652,3.70714285714286,3.831
20160120,3.44,3.46,3.51333333333333,3.596,3.65285714285714,3.754
20160121,3.51,3.475,3.47666666666667,3.562,3.60142857142857,3.691
20160122,3.68,3.595,3.54333333333333,3.546,3.59571428571429,3.658
20160125,3.52,3.6,3.57,3.526,3.57285714285714,3.628
20160126,3.61,3.565,3.60333333333333,3.552,3.55142857142857,3.602
20160127,3.51,3.56,3.54666666666667,3.566,3.53571428571429,3.581
20160128,3.58,3.545,3.56666666666667,3.58,3.55,3.571
20160129,3.62,3.6,3.57,3.568,3.57571428571429,3.557
20160201,3.67,3.645,3.62333333333333,3.598,3.59857142857143,3.562
20160202,3.49,3.58,3.59333333333333,3.574,3.57142857142857,3.563
20160203,3.55,3.52,3.57,3.582,3.57571428571429,3.574
20160204,3.63,3.59,3.55666666666667,3.592,3.57857142857143,3.586
20160205,3.45,3.54,3.54333333333333,3.558,3.57,3.563
20160208,2.97,3.21,3.35,3.418,3.48285714285714,3.508
20160209,2.99,2.98,3.13666666666667,3.318,3.39285714285714,3.446
20160210,2.98,2.985,2.98,3.204,3.29428571428571,3.393
20160211,2.93,2.955,2.96666666666667,3.064,3.21428571428571,3.328
20160212,2.93,2.93,2.94666666666667,2.96,3.12571428571429,3.259
20160216,3.02,2.975,2.96,2.97,3.03857142857143,3.194
20160217,3.04,3.03,2.99666666666667,2.98,2.98,3.149
20160218,2.97,3.005,3.01,2.978,2.98,3.091
20160219,3.01,2.99,3.00666666666667,2.994,2.98285714285714,3.029
20160222,2.98,2.995,2.98666666666667,3.004,2.98285714285714,2.982
20160223,3,2.99,2.99666666666667,3,2.99285714285714,2.985
20160224,3.03,3.015,3.00333333333333,2.998,3.00714285714286,2.989
20160225,3.08,3.055,3.03666666666667,3.02,3.01571428571429,2.999
20160226,3.07,3.075,3.06,3.032,3.02,3.013
20160229,3.14,3.105,3.09666666666667,3.064,3.04428571428571,3.034
20160301,3.15,3.145,3.12,3.094,3.06428571428571,3.047
20160302,3.53,3.34,3.27333333333333,3.194,3.14285714285714,3.096
20160303,3.51,3.52,3.39666666666667,3.28,3.21571428571429,3.15
20160304,3.47,3.49,3.50333333333333,3.36,3.27857142857143,3.196
20160307,3.55,3.51,3.51,3.442,3.34571428571429,3.253
20160308,3.38,3.465,3.46666666666667,3.488,3.39,3.291
20160309,3.4,3.39,3.44333333333333,3.462,3.42714285714286,3.328
20160310,3.31,3.355,3.36333333333333,3.422,3.45,3.351
20160311,3.46,3.385,3.39,3.42,3.44,3.39
20160314,3.51,3.485,3.42666666666667,3.412,3.44,3.427
20160315,3.32,3.415,3.43,3.4,3.41857142857143,3.444
20160316,3.33,3.325,3.38666666666667,3.386,3.38714285714286,3.424
20160317,3.47,3.4,3.37333333333333,3.418,3.4,3.42
20160318,3.33,3.4,3.37666666666667,3.392,3.39,3.406
20160321,3.31,3.32,3.37,3.352,3.39,3.382
20160322,3.15,3.23,3.26333333333333,3.318,3.34571428571429,3.359
20160323,3.06,3.105,3.17333333333333,3.264,3.28142857142857,3.325
20160324,3.1,3.08,3.10333333333333,3.19,3.25,3.304
20160328,3.07,3.085,3.07666666666667,3.138,3.21285714285714,3.265
20160329,3.15,3.11,3.10666666666667,3.106,3.16714285714286,3.229
20160330,3.14,3.145,3.12,3.104,3.14,3.211
20160331,3.15,3.145,3.14666666666667,3.122,3.11714285714286,3.193
20160401,3.14,3.145,3.14333333333333,3.13,3.11571428571429,3.16
20160404,3.08,3.11,3.12333333333333,3.132,3.11857142857143,3.135
20160405,3.08,3.08,3.1,3.118,3.11571428571429,3.112
20160406,3.13,3.105,3.09666666666667,3.116,3.12428571428571,3.11
20160407,3.06,3.095,3.09,3.098,3.11142857142857,3.11
20160408,3.09,3.075,3.09333333333333,3.088,3.10428571428571,3.109
20160411,3.1,3.095,3.08333333333333,3.092,3.09714285714286,3.112
20160412,3.14,3.12,3.11,3.104,3.09714285714286,3.111
20160413,3.35,3.245,3.19666666666667,3.148,3.13571428571429,3.132
20160414,3.3,3.325,3.26333333333333,3.196,3.16714285714286,3.147
20160415,3.34,3.32,3.33,3.246,3.19714285714286,3.167
20160418,3.48,3.41,3.37333333333333,3.322,3.25714285714286,3.207
20160419,3.42,3.45,3.41333333333333,3.378,3.30428571428571,3.241
20160420,3.42,3.42,3.44,3.392,3.35,3.27
20160421,3.49,3.455,3.44333333333333,3.43,3.4,3.313
20160422,3.41,3.45,3.44,3.444,3.40857142857143,3.345
20160425,3.34,3.375,3.41333333333333,3.416,3.41428571428571,3.369
20160426,3.46,3.4,3.40333333333333,3.424,3.43142857142857,3.401
20160427,3.44,3.45,3.41333333333333,3.428,3.42571428571429,3.41
20160428,3.38,3.41,3.42666666666667,3.406,3.42,3.418
20160429,3.35,3.365,3.39,3.394,3.41,3.419
20160502,3.38,3.365,3.37,3.402,3.39428571428571,3.409
20160503,3.4,3.39,3.37666666666667,3.39,3.39285714285714,3.407
20160504,3.36,3.38,3.38,3.374,3.39571428571429,3.401
20160505,3.34,3.35,3.36666666666667,3.366,3.37857142857143,3.386
20160506,3.41,3.375,3.37,3.378,3.37428571428571,3.386
20160509,3.39,3.4,3.38,3.38,3.37571428571429,3.391
20160510,3.42,3.405,3.40666666666667,3.384,3.38571428571429,3.387
20160511,3.4,3.41,3.40333333333333,3.392,3.38857142857143,3.383
20160512,3.41,3.405,3.41,3.406,3.39,3.386
20160513,3.38,3.395,3.39666666666667,3.4,3.39285714285714,3.389
20160516,3.43,3.405,3.40666666666667,3.408,3.40571428571429,3.394
20160517,3.41,3.42,3.40666666666667,3.406,3.40571428571429,3.395
20160518,3.42,3.415,3.42,3.41,3.41,3.401
20160519,3.4,3.41,3.41,3.408,3.40714285714286,3.407
20160520,3.55,3.475,3.45666666666667,3.442,3.42857142857143,3.421
20160523,3.55,3.55,3.5,3.466,3.44857142857143,3.437
20160524,3.68,3.615,3.59333333333333,3.52,3.49142857142857,3.463
20160525,3.69,3.685,3.64,3.574,3.52857142857143,3.492
20160526,3.65,3.67,3.67333333333333,3.624,3.56285714285714,3.516
20160527,3.66,3.655,3.66666666666667,3.646,3.59714285714286,3.544
20160531,3.72,3.69,3.67666666666667,3.68,3.64285714285714,3.573
20160601,3.81,3.765,3.73,3.706,3.68,3.613
20160602,3.89,3.85,3.80666666666667,3.746,3.72857142857143,3.66
20160603,3.93,3.91,3.87666666666667,3.802,3.76428571428571,3.713
20160606,3.92,3.925,3.91333333333333,3.854,3.79714285714286,3.75
20160607,3.94,3.93,3.93,3.898,3.83857142857143,3.789
20160608,3.98,3.96,3.94666666666667,3.932,3.88428571428571,3.819
20160609,3.96,3.97,3.96,3.946,3.91857142857143,3.846
20160610,3.85,3.905,3.93,3.93,3.92428571428571,3.866
20160613,3.59,3.72,3.8,3.864,3.88142857142857,3.859
20160614,3.54,3.565,3.66,3.784,3.82571428571429,3.841
20160615,3.45,3.495,3.52666666666667,3.678,3.75857142857143,3.805
20160616,3.47,3.46,3.48666666666667,3.58,3.69142857142857,3.763
20160617,3.48,3.475,3.46666666666667,3.506,3.62,3.718
20160620,3.76,3.62,3.57,3.54,3.59142857142857,3.702
20160621,3.82,3.79,3.68666666666667,3.596,3.58714285714286,3.69
20160622,3.63,3.725,3.73666666666667,3.632,3.59285714285714,3.655
20160623,3.71,3.67,3.72,3.68,3.61714285714286,3.63
20160624,3.57,3.64,3.63666666666667,3.698,3.63428571428571,3.602
20160627,3.61,3.59,3.63,3.668,3.65428571428571,3.604
20160628,3.66,3.635,3.61333333333333,3.636,3.68,3.616
20160629,3.84,3.75,3.70333333333333,3.678,3.69142857142857,3.655
20160630,4.01,3.925,3.83666666666667,3.738,3.71857142857143,3.709
20160701,4,4.005,3.95,3.824,3.77142857142857,3.761
20160705,4.03,4.015,4.01333333333333,3.908,3.81714285714286,3.788
20160706,4.3,4.165,4.11,4.036,3.92142857142857,3.836
20160707,4.24,4.27,4.19,4.116,4.01142857142857,3.897
20160708,4.2,4.22,4.24666666666667,4.154,4.08857142857143,3.946
20160711,4.23,4.215,4.22333333333333,4.2,4.14428571428571,4.012
20160712,4.39,4.31,4.27333333333333,4.272,4.19857142857143,4.09
20160713,4.29,4.34,4.30333333333333,4.27,4.24,4.153
20160714,4.29,4.29,4.32333333333333,4.28,4.27714285714286,4.198
20160715,4.27,4.28,4.28333333333333,4.294,4.27285714285714,4.224
20160718,4.29,4.28,4.28333333333333,4.306,4.28,4.253
20160719,4.22,4.255,4.26,4.272,4.28285714285714,4.272
20160720,4.28,4.25,4.26333333333333,4.27,4.29,4.27
20160721,4.26,4.27,4.25333333333333,4.264,4.27142857142857,4.272
20160722,4.24,4.25,4.26,4.258,4.26428571428571,4.276
20160725,4.21,4.225,4.23666666666667,4.242,4.25285714285714,4.274
20160726,4.17,4.19,4.20666666666667,4.232,4.23857142857143,4.252
20160727,4.18,4.175,4.18666666666667,4.212,4.22285714285714,4.241
20160728,4.16,4.17,4.17,4.192,4.21428571428571,4.228
20160729,4.15,4.155,4.16333333333333,4.174,4.19571428571429,4.216
20160801,4.17,4.16,4.16,4.166,4.18285714285714,4.204
20160802,4.14,4.155,4.15333333333333,4.16,4.16857142857143,4.196
20160803,4.04,4.09,4.11666666666667,4.132,4.14428571428571,4.172
20160804,4.04,4.04,4.07333333333333,4.108,4.12571428571429,4.15
20160805,4.04,4.04,4.04,4.086,4.10571428571428,4.13
20160808,4.18,4.11,4.08666666666667,4.088,4.10857142857143,4.127
20160809,4.24,4.21,4.15333333333333,4.108,4.12142857142857,4.134
20160810,4.17,4.205,4.19666666666667,4.134,4.12142857142857,4.133
20160811,4.19,4.18,4.2,4.164,4.12857142857143,4.136
20160812,4.18,4.185,4.18,4.192,4.14857142857143,4.139
20160815,4.23,4.205,4.2,4.202,4.17571428571429,4.145
20160816,4.12,4.175,4.17666666666667,4.178,4.18714285714286,4.143
20160817,4.06,4.09,4.13666666666667,4.156,4.17,4.145
20160818,4.1,4.08,4.09333333333333,4.138,4.15,4.151
20160819,4.18,4.14,4.11333333333333,4.138,4.15142857142857,4.165
20160822,4.08,4.13,4.12,4.108,4.13571428571429,4.155
20160823,4.09,4.085,4.11666666666667,4.102,4.12285714285714,4.14
20160824,4.04,4.065,4.07,4.098,4.09571428571429,4.127
20160825,4.11,4.075,4.08,4.1,4.09428571428571,4.119
20160826,4.03,4.07,4.06,4.07,4.09,4.104
20160829,4.06,4.045,4.06666666666667,4.066,4.08428571428571,4.087
20160830,4.02,4.04,4.03666666666667,4.052,4.06142857142857,4.077
20160831,4,4.01,4.02666666666667,4.044,4.05,4.071
20160901,4.05,4.025,4.02333333333333,4.032,4.04428571428571,4.066
20160902,4.05,4.05,4.03333333333333,4.036,4.04571428571429,4.053
20160906,4.13,4.09,4.07666666666667,4.05,4.04857142857143,4.058
20160907,4.32,4.225,4.16666666666667,4.11,4.09,4.081
20160908,4.76,4.54,4.40333333333333,4.262,4.19,4.153
20160909,4.55,4.655,4.54333333333333,4.362,4.26571428571429,4.197
20160912,4.64,4.595,4.65,4.48,4.35714285714286,4.258
20160913,4.59,4.615,4.59333333333333,4.572,4.43428571428571,4.311
20160914,4.8,4.695,4.67666666666667,4.668,4.54142857142857,4.389
20160915,4.89,4.845,4.76,4.694,4.65,4.478
20160916,4.95,4.92,4.88,4.774,4.74,4.568
20160919,5,4.975,4.94666666666667,4.846,4.77428571428571,4.663
20160920,5,5,4.98333333333333,4.928,4.83857142857143,4.75
20160921,5,5,5,4.968,4.89,4.818
20160922,5.01,5.005,5.00333333333333,4.992,4.95,4.843
20160923,5.47,5.24,5.16,5.096,5.04571428571429,4.935
20160926,5.43,5.45,5.30333333333333,5.182,5.12285714285714,5.014
20160927,5.68,5.555,5.52666666666667,5.318,5.22714285714286,5.123
20160928,5.69,5.685,5.6,5.456,5.32571428571428,5.212
20160929,5.78,5.735,5.71666666666667,5.61,5.43714285714286,5.301
20160930,5.91,5.845,5.79333333333333,5.698,5.56714285714286,5.397
20161003,6.09,6,5.92666666666667,5.83,5.72142857142857,5.506
20161004,5.92,6.005,5.97333333333333,5.878,5.78571428571429,5.598
20161005,5.97,5.945,5.99333333333333,5.934,5.86285714285714,5.695
20161006,5.89,5.93,5.92666666666667,5.956,5.89285714285714,5.783
20161007,5.89,5.89,5.91666666666667,5.952,5.92142857142857,5.825
20161010,6.05,5.97,5.94333333333333,5.944,5.96,5.887
20161011,5.75,5.9,5.89666666666667,5.91,5.93714285714286,5.894
20161012,5.73,5.74,5.84333333333333,5.862,5.88571428571428,5.898
20161013,5.42,5.575,5.63333333333333,5.768,5.81428571428571,5.862
20161014,5.44,5.43,5.53,5.678,5.73857142857143,5.815
20161017,5.25,5.345,5.37,5.518,5.64714285714286,5.731
20161018,5.35,5.3,5.34666666666667,5.438,5.57,5.674
20161019,5.4,5.375,5.33333333333333,5.372,5.47714285714286,5.617
20161020,5.3,5.35,5.35,5.348,5.41285714285714,5.558
20161021,5.25,5.275,5.31666666666667,5.31,5.34428571428571,5.494
20161024,5.5,5.375,5.35,5.36,5.35571428571428,5.439
20161025,5.4,5.45,5.38333333333333,5.37,5.35,5.404
20161026,5.25,5.325,5.38333333333333,5.34,5.35,5.356
20161027,5.15,5.2,5.26666666666667,5.31,5.32142857142857,5.329
20161028,5.05,5.1,5.15,5.27,5.27142857142857,5.29
20161031,4.9,4.975,5.03333333333333,5.15,5.21428571428571,5.255
20161101,4.9,4.9,4.95,5.05,5.16428571428571,5.21
20161102,4.7,4.8,4.83333333333333,4.94,5.05,5.14
20161103,4.85,4.775,4.81666666666667,4.88,4.97142857142857,5.095
20161104,4.7,4.775,4.75,4.81,4.89285714285714,5.04
20161107,4.75,4.725,4.76666666666667,4.78,4.83571428571429,4.965
20161108,4.65,4.7,4.7,4.73,4.77857142857143,4.89
20161109,4.65,4.65,4.68333333333333,4.72,4.74285714285714,4.83
20161110,4.75,4.7,4.68333333333333,4.7,4.72142857142857,4.79
20161111,4.9,4.825,4.76666666666667,4.74,4.75,4.775
20161114,4.8,4.85,4.81666666666667,4.75,4.74285714285714,4.765
20161115,4.8,4.8,4.83333333333333,4.78,4.75714285714286,4.755
20161116,4.85,4.825,4.81666666666667,4.82,4.77142857142857,4.77
20161117,4.8,4.825,4.81666666666667,4.83,4.79285714285714,4.765
20161118,4.9,4.85,4.85,4.83,4.82857142857143,4.785
20161121,4.95,4.925,4.88333333333333,4.86,4.85714285714286,4.805
20161122,4.95,4.95,4.93333333333333,4.89,4.86428571428571,4.835
20161123,5.15,5.05,5.01666666666667,4.95,4.91428571428571,4.885
20161125,5.1,5.125,5.06666666666667,5.01,4.95714285714286,4.92
20161128,5.2,5.15,5.15,5.07,5.00714285714286,4.95
20161129,5.05,5.125,5.11666666666667,5.09,5.04285714285714,4.975
20161130,5.3,5.175,5.18333333333333,5.16,5.1,5.025
20161201,4.7,5,5.01666666666667,5.07,5.06428571428571,5.01
20161202,4.8,4.75,4.93333333333333,5.01,5.04285714285714,5.01
20161205,4.85,4.825,4.78333333333333,4.94,5,5.005
20161206,4.8,4.825,4.81666666666667,4.89,4.95714285714286,4.99
20161207,4.8,4.8,4.81666666666667,4.79,4.9,4.975
20161208,4.75,4.775,4.78333333333333,4.8,4.85714285714286,4.935
20161209,4.9,4.825,4.81666666666667,4.82,4.8,4.915
20161212,4.8,4.85,4.81666666666667,4.81,4.81428571428571,4.875
20161213,4.8,4.8,4.83333333333333,4.81,4.81428571428571,4.85
20161214,4.7,4.75,4.76666666666667,4.79,4.79285714285714,4.79
20161215,4.85,4.775,4.78333333333333,4.81,4.8,4.805
20161216,5,4.925,4.85,4.83,4.82857142857143,4.825
20161219,5,5,4.95,4.87,4.86428571428571,4.84
20161220,5.15,5.075,5.05,4.94,4.9,4.875
20161221,5.1,5.125,5.08333333333333,5.02,4.94285714285714,4.905
20161222,4.95,5.025,5.06666666666667,5.04,4.96428571428571,4.925
20161223,4.9,4.925,4.98333333333333,5.02,4.99285714285714,4.925
20161227,4.85,4.875,4.9,4.99,4.99285714285714,4.93
20161228,4.7,4.775,4.81666666666667,4.9,4.95,4.92
20161229,4.85,4.775,4.8,4.85,4.92857142857143,4.935
20161230,4.85,4.85,4.8,4.83,4.88571428571429,4.935
20170103,4.9,4.875,4.86666666666667,4.83,4.85714285714286,4.925
20170104,4.95,4.925,4.9,4.85,4.85714285714286,4.92
20170105,4.85,4.9,4.9,4.88,4.85,4.89
20170106,4.95,4.9,4.91666666666667,4.9,4.86428571428571,4.875
20170109,4.95,4.95,4.91666666666667,4.92,4.9,4.875
20170110,4.65,4.8,4.85,4.87,4.87142857142857,4.85
20170111,4.55,4.6,4.71666666666667,4.79,4.82857142857143,4.82
20170112,4.4,4.475,4.53333333333333,4.7,4.75714285714286,4.79
20170113,4.5,4.45,4.48333333333333,4.61,4.69285714285714,4.755
20170117,4.5,4.5,4.46666666666667,4.52,4.64285714285714,4.72
20170118,4.55,4.525,4.51666666666667,4.5,4.58571428571429,4.685
20170119,4.4,4.475,4.48333333333333,4.47,4.50714285714286,4.63
20170120,4.45,4.425,4.46666666666667,4.48,4.47857142857143,4.59
20170123,4.45,4.45,4.43333333333333,4.47,4.46428571428571,4.54
20170124,4.55,4.5,4.48333333333333,4.48,4.48571428571429,4.5
20170125,4.65,4.6,4.55,4.5,4.50714285714286,4.5
20170126,4.6,4.625,4.6,4.54,4.52142857142857,4.505
20170127,4.65,4.625,4.63333333333333,4.58,4.53571428571428,4.53
20170130,4.7,4.675,4.65,4.63,4.57857142857143,4.55
20170131,4.7,4.7,4.68333333333333,4.66,4.61428571428571,4.57
20170201,4.75,4.725,4.71666666666667,4.68,4.65714285714286,4.59
20170202,4.8,4.775,4.75,4.72,4.69285714285714,4.63
20170203,4.8,4.8,4.78333333333333,4.75,4.71428571428571,4.665
20170206,4.75,4.775,4.78333333333333,4.76,4.73571428571429,4.695
20170207,4.8,4.775,4.78333333333333,4.78,4.75714285714286,4.72
20170208,4.8,4.8,4.78333333333333,4.79,4.77142857142857,4.735
20170209,4.75,4.775,4.78333333333333,4.78,4.77857142857143,4.75
20170210,4.7,4.725,4.75,4.76,4.77142857142857,4.755
